Country,Continent,1965,1966,1967,1968,1969,1970,1971,1972,1973,1974,1975,1976,1977,1978,1979,1980,1981,1982,1983,1984,1985,1986,1987,1988,1989,1990,1991,1992,1993,1994,1995,1996,1997,1998,1999,2000,2001,2002,2003,2004,2005,2006,2007,2008,2009,2010,2011,2012,2013,2014,2015,2016,2017,2018,2019,2020,2021,2022,Image url
Afghanistan,Asia,0.0,0.0,0.0,0.0,0.0,0.0,0.0,0.0,0.0,0.0,0.0,0.0,0.0,0.0,0.0,0.0,0.0,0.0,0.0,0.0,0.0,0.0,0.0,0.0,0.0,0.0,0.0,0.0,0.0,0.0,0.0,0.0,0.0,0.0,0.0,0.0,0.0,0.0,0.0,0.0,0.0,0.0,0.0,0.0,0.0,0.0,0.0,0.0,0.0,0.0,0.0,0.0,0.0,0.0,0.0,0.0,0.0,0.0,https://public.flourish.studio/country-flags/svg/af.svg
Albania,Europe,0.0,0.0,0.0,0.0,0.0,0.0,0.0,0.0,0.0,0.0,0.0,0.0,0.0,0.0,0.0,0.0,0.0,0.0,0.0,0.0,0.0,0.0,0.0,0.0,0.0,0.0,0.0,0.0,0.0,0.0,0.0,0.0,0.0,0.0,0.0,0.0,0.0,0.0,0.0,0.0,0.0,0.0,0.0,0.0,0.0,0.0,0.0,0.0,0.0,0.0,0.0,0.0,0.0,0.0,0.0,0.0,0.0,0.0,https://public.flourish.studio/country-flags/svg/al.svg
Algeria,Africa,47.3,57.566,54.07,57.36,64.944,70.088,77.513,86.368,102.053,114.87799999999999,138.8,161.905,178.833,225.245,295.36,352.765,428.207,493.39099999999996,540.543,517.719,520.7719999999999,553.502,567.387,609.762,592.8009999999999,629.15,622.457,639.277,593.903,602.8610000000001,625.148,619.0509999999999,595.276,615.426,621.668,599.572,621.22,643.568,672.308,698.1089999999999,729.362,757.202,798.002,845.524,895.808,876.978,926.7920000000001,1013.064,1073.2579999999998,1169.85,1233.8400000000001,1232.192,1244.508,1335.376,1384.601,1293.8980000000001,1402.558,1365.73,https://public.flourish.studio/country-flags/svg/dz.svg
Andorra,Europe,0.0,0.0,0.0,0.0,0.0,0.0,0.0,0.0,0.0,0.0,0.0,0.0,0.0,0.0,0.0,0.0,0.0,0.0,0.0,0.0,0.0,0.0,0.0,0.0,0.0,0.0,0.0,0.0,0.0,0.0,0.0,0.0,0.0,0.0,0.0,0.0,0.0,0.0,0.0,0.0,0.0,0.0,0.0,0.0,0.0,0.0,0.0,0.0,0.0,0.0,0.0,0.0,0.0,0.0,0.0,0.0,0.0,0.0,https://public.flourish.studio/country-flags/svg/ad.svg
Angola,Africa,0.0,0.0,0.0,0.0,0.0,0.0,0.0,0.0,0.0,0.0,0.0,0.0,0.0,0.0,0.0,0.0,0.0,0.0,0.0,0.0,0.0,0.0,0.0,0.0,0.0,0.0,0.0,0.0,0.0,0.0,0.0,0.0,0.0,0.0,0.0,0.0,0.0,0.0,0.0,0.0,0.0,0.0,0.0,0.0,0.0,0.0,0.0,0.0,0.0,0.0,0.0,0.0,0.0,0.0,0.0,0.0,0.0,0.0,https://public.flourish.studio/country-flags/svg/ao.svg
Anguilla,North America,0.0,0.0,0.0,0.0,0.0,0.0,0.0,0.0,0.0,0.0,0.0,0.0,0.0,0.0,0.0,0.0,0.0,0.0,0.0,0.0,0.0,0.0,0.0,0.0,0.0,0.0,0.0,0.0,0.0,0.0,0.0,0.0,0.0,0.0,0.0,0.0,0.0,0.0,0.0,0.0,0.0,0.0,0.0,0.0,0.0,0.0,0.0,0.0,0.0,0.0,0.0,0.0,0.0,0.0,0.0,0.0,0.0,0.0,
Antigua and Barbuda,North America,0.0,0.0,0.0,0.0,0.0,0.0,0.0,0.0,0.0,0.0,0.0,0.0,0.0,0.0,0.0,0.0,0.0,0.0,0.0,0.0,0.0,0.0,0.0,0.0,0.0,0.0,0.0,0.0,0.0,0.0,0.0,0.0,0.0,0.0,0.0,0.0,0.0,0.0,0.0,0.0,0.0,0.0,0.0,0.0,0.0,0.0,0.0,0.0,0.0,0.0,0.0,0.0,0.0,0.0,0.0,0.0,0.0,0.0,https://public.flourish.studio/country-flags/svg/ag.svg
Argentina,South America,649.81,671.01,690.549,712.8320000000001,737.8770000000001,697.405,739.963,749.5229999999999,774.807,788.748,759.7280000000001,800.7840000000001,839.114,821.597,870.404,840.584,812.5440000000001,817.6389999999999,842.288,830.058,807.608,860.1949999999999,896.719,957.543,935.6179999999999,879.1179999999999,903.991,964.261,970.5260000000001,1008.7829999999999,1058.8719999999998,1137.549,1117.958,1176.465,1223.386,1190.8359999999998,1107.712,1063.662,1158.773,1264.594,1341.032,1395.5079999999998,1508.182,1531.198,1460.009,1523.5639999999999,1585.857,1661.645,1715.592,1714.715,1740.3000000000002,1740.388,1734.005,1710.712,1591.0910000000001,1475.045,1662.986,1708.024,https://public.flourish.studio/country-flags/svg/ar.svg
Armenia,Asia,0.0,0.0,0.0,0.0,0.0,0.0,0.0,0.0,0.0,0.0,0.0,0.0,0.0,0.0,0.0,0.0,0.0,0.0,0.0,0.0,0.0,0.0,0.0,0.0,0.0,0.0,0.0,0.0,0.0,0.0,0.0,0.0,0.0,0.0,0.0,0.0,0.0,0.0,0.0,0.0,0.0,0.0,0.0,0.0,0.0,0.0,0.0,0.0,0.0,0.0,0.0,0.0,0.0,0.0,0.0,0.0,0.0,0.0,https://public.flourish.studio/country-flags/svg/am.svg
Aruba,North America,0.0,0.0,0.0,0.0,0.0,0.0,0.0,0.0,0.0,0.0,0.0,0.0,0.0,0.0,0.0,0.0,0.0,0.0,0.0,0.0,0.0,0.0,0.0,0.0,0.0,0.0,0.0,0.0,0.0,0.0,0.0,0.0,0.0,0.0,0.0,0.0,0.0,0.0,0.0,0.0,0.0,0.0,0.0,0.0,0.0,0.0,0.0,0.0,0.0,0.0,0.0,0.0,0.0,0.0,0.0,0.0,0.0,0.0,https://public.flourish.studio/country-flags/svg/aw.svg
Australia,Oceania,804.153,846.952,899.354,954.568,991.704,1078.387,1127.882,1182.076,1263.8959999999997,1339.013,1356.632,1411.38,1489.1,1533.066,1595.664,1606.395,1631.003,1621.021,1567.428,1624.3980000000001,1669.785,1703.924,1758.8519999999999,1837.46,1934.7,1973.982,1953.412,1985.75,2026.868,2110.84,2210.72,2275.6,2333.642,2392.013,2490.676,2506.389,2528.9390000000003,2577.99,2612.448,2695.5060000000003,2699.028,2817.143,2892.541,2950.714,2900.732,2887.53,2939.884,2897.471,2908.568,2945.987,3001.879,2982.624,2987.9,2981.8019999999997,3062.312,2830.258,2774.446,2842.135,https://public.flourish.studio/country-flags/svg/au.svg
Austria,Europe,283.882,294.155,296.062,320.938,344.983,382.392,406.69500000000005,421.414,449.418,431.605,421.403,460.16200000000003,435.814,460.88,478.27,469.592,440.61,419.924,419.986,436.149,443.586,441.884,452.971,442.792,447.418,476.54999999999995,509.082,477.182,478.269,480.88300000000004,502.716,522.2139999999999,525.6500000000001,530.4259999999999,528.528,524.8489999999999,560.894,565.77,614.2280000000001,604.793,613.268,601.433,568.824,576.8420000000001,534.46,574.78,550.454,531.464,532.3019999999999,500.264,513.274,524.678,546.221,534.662,553.066,495.87300000000005,515.986,483.797,https://public.flourish.studio/country-flags/svg/at.svg
Azerbaijan,Asia,0.0,0.0,0.0,0.0,0.0,0.0,0.0,0.0,0.0,0.0,0.0,0.0,0.0,0.0,0.0,0.0,0.0,0.0,0.0,0.0,462.139,500.9119999999999,485.289,486.279,495.974,511.298,490.298,418.454,357.61299999999994,330.90700000000004,312.094,254.392,242.185,241.752,243.8,255.03900000000002,246.81,239.425,257.744,291.918,316.44,313.854,288.774,292.24199999999996,248.808,238.749,278.43,292.35,300.751,306.948,334.56100000000004,329.62,324.476,332.58000000000004,349.44,359.21000000000004,383.29600000000005,378.663,https://public.flourish.studio/country-flags/svg/az.svg
Bahamas,North America,0.0,0.0,0.0,0.0,0.0,0.0,0.0,0.0,0.0,0.0,0.0,0.0,0.0,0.0,0.0,0.0,0.0,0.0,0.0,0.0,0.0,0.0,0.0,0.0,0.0,0.0,0.0,0.0,0.0,0.0,0.0,0.0,0.0,0.0,0.0,0.0,0.0,0.0,0.0,0.0,0.0,0.0,0.0,0.0,0.0,0.0,0.0,0.0,0.0,0.0,0.0,0.0,0.0,0.0,0.0,0.0,0.0,0.0,
Bahrain,Asia,0.0,0.0,0.0,0.0,0.0,0.0,0.0,0.0,0.0,0.0,0.0,0.0,0.0,0.0,0.0,0.0,0.0,0.0,0.0,0.0,0.0,0.0,0.0,0.0,0.0,0.0,0.0,0.0,0.0,0.0,0.0,0.0,0.0,0.0,0.0,0.0,0.0,0.0,0.0,0.0,0.0,0.0,0.0,0.0,0.0,0.0,0.0,0.0,0.0,0.0,0.0,0.0,0.0,0.0,0.0,0.0,0.0,0.0,https://public.flourish.studio/country-flags/svg/bh.svg
Bangladesh,Asia,0.0,0.0,0.0,0.0,0.0,0.0,25.778,29.346,37.003,40.057,40.084,46.865,48.292,51.055,56.117999999999995,66.05199999999999,69.98400000000001,78.19,76.465,81.58,92.178,102.411,112.911,125.16,133.788,142.485,137.553,150.713,167.276,176.372,212.017,220.034,231.53,246.002,249.04500000000002,267.812,305.336,307.673,325.482,345.83000000000004,374.986,406.11699999999996,416.039,439.13800000000003,484.852,496.03,537.514,584.754,608.686,632.528,764.498,766.0260000000001,800.186,854.902,959.279,908.368,952.254,989.484,https://public.flourish.studio/country-flags/svg/bd.svg
Barbados,North America,0.0,0.0,0.0,0.0,0.0,0.0,0.0,0.0,0.0,0.0,0.0,0.0,0.0,0.0,0.0,0.0,0.0,0.0,0.0,0.0,0.0,0.0,0.0,0.0,0.0,0.0,0.0,0.0,0.0,0.0,0.0,0.0,0.0,0.0,0.0,0.0,0.0,0.0,0.0,0.0,0.0,0.0,0.0,0.0,0.0,0.0,0.0,0.0,0.0,0.0,0.0,0.0,0.0,0.0,0.0,0.0,0.0,0.0,https://public.flourish.studio/country-flags/svg/bb.svg
Belarus,Europe,0.0,0.0,0.0,0.0,0.0,0.0,0.0,0.0,0.0,0.0,0.0,0.0,0.0,0.0,0.0,0.0,0.0,0.0,0.0,0.0,815.969,931.559,945.12,958.691,927.203,931.826,929.706,806.21,674.112,563.5150000000001,501.294,514.182,520.077,508.536,494.72,509.96000000000004,495.745,512.8820000000001,509.01099999999997,569.966,568.0889999999999,604.076,589.254,596.721,564.0129999999999,610.924,599.969,648.8820000000001,587.789,588.092,532.152,543.3820000000001,551.498,610.6590000000001,612.952,565.8679999999999,576.64,564.3199999999999,https://public.flourish.studio/country-flags/svg/by.svg
Belgium,Europe,824.2740000000001,793.915,833.368,929.0439999999999,1020.064,1077.404,1057.8759999999997,1124.337,1138.468,1098.616,995.927,1041.1950000000002,1030.548,1075.439,1114.515,1057.439,999.508,938.604,859.009,883.2830000000001,890.3400000000001,897.097,915.715,932.483,952.1690000000001,996.8430000000001,1039.212,1032.6290000000001,1021.316,1093.6100000000001,1105.441,1178.365,1169.876,1204.128,1176.848,1206.964,1205.773,1194.609,1252.261,1258.312,1237.574,1243.417,1243.612,1278.343,1142.016,1225.247,1113.612,1087.288,1104.158,1046.4279999999999,1090.59,1103.391,1115.306,1175.552,1137.364,1010.2339999999999,1083.115,997.03,https://public.flourish.studio/country-flags/svg/be.svg
Belize,North America,0.0,0.0,0.0,0.0,0.0,0.0,0.0,0.0,0.0,0.0,0.0,0.0,0.0,0.0,0.0,0.0,0.0,0.0,0.0,0.0,0.0,0.0,0.0,0.0,0.0,0.0,0.0,0.0,0.0,0.0,0.0,0.0,0.0,0.0,0.0,0.0,0.0,0.0,0.0,0.0,0.0,0.0,0.0,0.0,0.0,0.0,0.0,0.0,0.0,0.0,0.0,0.0,0.0,0.0,0.0,0.0,0.0,0.0,https://public.flourish.studio/country-flags/svg/bz.svg
Benin,Africa,0.0,0.0,0.0,0.0,0.0,0.0,0.0,0.0,0.0,0.0,0.0,0.0,0.0,0.0,0.0,0.0,0.0,0.0,0.0,0.0,0.0,0.0,0.0,0.0,0.0,0.0,0.0,0.0,0.0,0.0,0.0,0.0,0.0,0.0,0.0,0.0,0.0,0.0,0.0,0.0,0.0,0.0,0.0,0.0,0.0,0.0,0.0,0.0,0.0,0.0,0.0,0.0,0.0,0.0,0.0,0.0,0.0,0.0,https://public.flourish.studio/country-flags/svg/bj.svg
Bermuda,North America,0.0,0.0,0.0,0.0,0.0,0.0,0.0,0.0,0.0,0.0,0.0,0.0,0.0,0.0,0.0,0.0,0.0,0.0,0.0,0.0,0.0,0.0,0.0,0.0,0.0,0.0,0.0,0.0,0.0,0.0,0.0,0.0,0.0,0.0,0.0,0.0,0.0,0.0,0.0,0.0,0.0,0.0,0.0,0.0,0.0,0.0,0.0,0.0,0.0,0.0,0.0,0.0,0.0,0.0,0.0,0.0,0.0,0.0,https://public.flourish.studio/country-flags/svg/bm.svg
Bhutan,Asia,0.0,0.0,0.0,0.0,0.0,0.0,0.0,0.0,0.0,0.0,0.0,0.0,0.0,0.0,0.0,0.0,0.0,0.0,0.0,0.0,0.0,0.0,0.0,0.0,0.0,0.0,0.0,0.0,0.0,0.0,0.0,0.0,0.0,0.0,0.0,0.0,0.0,0.0,0.0,0.0,0.0,0.0,0.0,0.0,0.0,0.0,0.0,0.0,0.0,0.0,0.0,0.0,0.0,0.0,0.0,0.0,0.0,0.0,https://public.flourish.studio/country-flags/svg/bt.svg
Bolivia,South America,0.0,0.0,0.0,0.0,0.0,0.0,0.0,0.0,0.0,0.0,0.0,0.0,0.0,0.0,0.0,0.0,0.0,0.0,0.0,0.0,0.0,0.0,0.0,0.0,0.0,0.0,0.0,0.0,0.0,0.0,0.0,0.0,0.0,0.0,0.0,0.0,0.0,0.0,0.0,0.0,0.0,0.0,0.0,0.0,0.0,0.0,0.0,0.0,0.0,0.0,0.0,0.0,0.0,0.0,0.0,0.0,0.0,0.0,https://public.flourish.studio/country-flags/svg/bo.svg
Bonaire Sint Eustatius and Saba,North America,0.0,0.0,0.0,0.0,0.0,0.0,0.0,0.0,0.0,0.0,0.0,0.0,0.0,0.0,0.0,0.0,0.0,0.0,0.0,0.0,0.0,0.0,0.0,0.0,0.0,0.0,0.0,0.0,0.0,0.0,0.0,0.0,0.0,0.0,0.0,0.0,0.0,0.0,0.0,0.0,0.0,0.0,0.0,0.0,0.0,0.0,0.0,0.0,0.0,0.0,0.0,0.0,0.0,0.0,0.0,0.0,0.0,0.0,
Bosnia and Herzegovina,Europe,0.0,0.0,0.0,0.0,0.0,0.0,0.0,0.0,0.0,0.0,0.0,0.0,0.0,0.0,0.0,0.0,0.0,0.0,0.0,0.0,0.0,0.0,0.0,0.0,0.0,0.0,0.0,0.0,0.0,0.0,0.0,0.0,0.0,0.0,0.0,0.0,0.0,0.0,0.0,0.0,0.0,0.0,0.0,0.0,0.0,0.0,0.0,0.0,0.0,0.0,0.0,0.0,0.0,0.0,0.0,0.0,0.0,0.0,https://public.flourish.studio/country-flags/svg/ba.svg
Botswana,Africa,0.0,0.0,0.0,0.0,0.0,0.0,0.0,0.0,0.0,0.0,0.0,0.0,0.0,0.0,0.0,0.0,0.0,0.0,0.0,0.0,0.0,0.0,0.0,0.0,0.0,0.0,0.0,0.0,0.0,0.0,0.0,0.0,0.0,0.0,0.0,0.0,0.0,0.0,0.0,0.0,0.0,0.0,0.0,0.0,0.0,0.0,0.0,0.0,0.0,0.0,0.0,0.0,0.0,0.0,0.0,0.0,0.0,0.0,https://public.flourish.studio/country-flags/svg/bw.svg
Brazil,South America,396.844,432.524,446.536,526.3,578.2839999999999,660.85,743.952,841.056,1004.926,1114.656,1159.174,1248.554,1293.902,1425.28,1520.326,1493.442,1439.138,1478.154,1417.423,1458.358,1541.448,1654.7469999999998,1707.328,1715.409,1749.799,1724.58,1761.377,1769.11,1850.416,1960.604,2099.98,2242.462,2418.5860000000002,2496.186,2528.0299999999997,2678.642,2742.646,2734.154,2720.226,2866.892,2908.064,2974.8050000000003,3118.36,3297.026,3109.39,3498.8940000000002,3612.688,3871.032,4092.955,4279.8369999999995,4141.817,3832.6400000000003,3891.6229999999996,3714.215,3676.8810000000003,3412.244,3860.0299999999997,3746.248,https://public.flourish.studio/country-flags/svg/br.svg
British Virgin Islands,North America,0.0,0.0,0.0,0.0,0.0,0.0,0.0,0.0,0.0,0.0,0.0,0.0,0.0,0.0,0.0,0.0,0.0,0.0,0.0,0.0,0.0,0.0,0.0,0.0,0.0,0.0,0.0,0.0,0.0,0.0,0.0,0.0,0.0,0.0,0.0,0.0,0.0,0.0,0.0,0.0,0.0,0.0,0.0,0.0,0.0,0.0,0.0,0.0,0.0,0.0,0.0,0.0,0.0,0.0,0.0,0.0,0.0,0.0,https://public.flourish.studio/country-flags/svg/vg.svg
Brunei,Asia,0.0,0.0,0.0,0.0,0.0,0.0,0.0,0.0,0.0,0.0,0.0,0.0,0.0,0.0,0.0,0.0,0.0,0.0,0.0,0.0,0.0,0.0,0.0,0.0,0.0,0.0,0.0,0.0,0.0,0.0,0.0,0.0,0.0,0.0,0.0,0.0,0.0,0.0,0.0,0.0,0.0,0.0,0.0,0.0,0.0,0.0,0.0,0.0,0.0,0.0,0.0,0.0,0.0,0.0,0.0,0.0,0.0,0.0,
Bulgaria,Europe,228.02300000000002,245.243,286.723,326.157,361.26,405.99,423.16,436.24699999999996,450.947,462.493,501.625,516.225,537.99,562.501,581.854,615.038,588.922,599.23,593.121,587.346,586.008,605.015,607.01,602.413,603.999,555.952,436.964,417.37,437.33799999999997,412.389,434.505,424.11699999999996,397.39,380.474,328.611,316.034,329.19,310.044,337.154,324.74,345.028,350.86400000000003,369.547,358.906,301.764,309.32399999999996,340.943,313.026,281.77,297.85,319.082,303.37,320.108,300.664,293.76,261.865,300.01800000000003,322.683,https://public.flourish.studio/country-flags/svg/bg.svg
Burkina Faso,Africa,0.0,0.0,0.0,0.0,0.0,0.0,0.0,0.0,0.0,0.0,0.0,0.0,0.0,0.0,0.0,0.0,0.0,0.0,0.0,0.0,0.0,0.0,0.0,0.0,0.0,0.0,0.0,0.0,0.0,0.0,0.0,0.0,0.0,0.0,0.0,0.0,0.0,0.0,0.0,0.0,0.0,0.0,0.0,0.0,0.0,0.0,0.0,0.0,0.0,0.0,0.0,0.0,0.0,0.0,0.0,0.0,0.0,0.0,https://public.flourish.studio/country-flags/svg/bf.svg
Burundi,Africa,0.0,0.0,0.0,0.0,0.0,0.0,0.0,0.0,0.0,0.0,0.0,0.0,0.0,0.0,0.0,0.0,0.0,0.0,0.0,0.0,0.0,0.0,0.0,0.0,0.0,0.0,0.0,0.0,0.0,0.0,0.0,0.0,0.0,0.0,0.0,0.0,0.0,0.0,0.0,0.0,0.0,0.0,0.0,0.0,0.0,0.0,0.0,0.0,0.0,0.0,0.0,0.0,0.0,0.0,0.0,0.0,0.0,0.0,https://public.flourish.studio/country-flags/svg/bi.svg
Cambodia,Asia,0.0,0.0,0.0,0.0,0.0,0.0,0.0,0.0,0.0,0.0,0.0,0.0,0.0,0.0,0.0,0.0,0.0,0.0,0.0,0.0,0.0,0.0,0.0,0.0,0.0,0.0,0.0,0.0,0.0,0.0,0.0,0.0,0.0,0.0,0.0,0.0,0.0,0.0,0.0,0.0,0.0,0.0,0.0,0.0,0.0,0.0,0.0,0.0,0.0,0.0,0.0,0.0,0.0,0.0,0.0,0.0,0.0,0.0,https://public.flourish.studio/country-flags/svg/kh.svg
Cameroon,Africa,0.0,0.0,0.0,0.0,0.0,0.0,0.0,0.0,0.0,0.0,0.0,0.0,0.0,0.0,0.0,0.0,0.0,0.0,0.0,0.0,0.0,0.0,0.0,0.0,0.0,0.0,0.0,0.0,0.0,0.0,0.0,0.0,0.0,0.0,0.0,0.0,0.0,0.0,0.0,0.0,0.0,0.0,0.0,0.0,0.0,0.0,0.0,0.0,0.0,0.0,0.0,0.0,0.0,0.0,0.0,0.0,0.0,0.0,https://public.flourish.studio/country-flags/svg/cm.svg
Canada,North America,2078.976,2181.875,2299.691,2480.487,2596.8230000000003,2796.023,2869.284,3033.4120000000003,3267.34,3317.518,3309.1369999999997,3432.79,3612.8239999999996,3592.846,3667.932,3713.9700000000003,3578.834,3473.442,3338.601,3528.9849999999997,3564.6279999999997,3516.4040000000005,3631.965,3889.384,4064.74,3832.031,3720.359,3856.5199999999995,3893.942,4018.712,4190.8,4279.759,4402.753000000001,4462.421,4586.312,4713.154,4700.016,4857.977,4990.785,5017.946,4939.865,4929.1630000000005,5158.914,5011.762,4783.9529999999995,4938.39,5064.780000000001,5050.279,5142.915999999999,5201.341,5220.525,5077.0599999999995,5159.976000000001,5288.912,5272.152,4775.6849999999995,4900.855,5017.514999999999,https://public.flourish.studio/country-flags/svg/ca.svg
Cape Verde,Africa,0.0,0.0,0.0,0.0,0.0,0.0,0.0,0.0,0.0,0.0,0.0,0.0,0.0,0.0,0.0,0.0,0.0,0.0,0.0,0.0,0.0,0.0,0.0,0.0,0.0,0.0,0.0,0.0,0.0,0.0,0.0,0.0,0.0,0.0,0.0,0.0,0.0,0.0,0.0,0.0,0.0,0.0,0.0,0.0,0.0,0.0,0.0,0.0,0.0,0.0,0.0,0.0,0.0,0.0,0.0,0.0,0.0,0.0,
Central African Republic,Africa,0.0,0.0,0.0,0.0,0.0,0.0,0.0,0.0,0.0,0.0,0.0,0.0,0.0,0.0,0.0,0.0,0.0,0.0,0.0,0.0,0.0,0.0,0.0,0.0,0.0,0.0,0.0,0.0,0.0,0.0,0.0,0.0,0.0,0.0,0.0,0.0,0.0,0.0,0.0,0.0,0.0,0.0,0.0,0.0,0.0,0.0,0.0,0.0,0.0,0.0,0.0,0.0,0.0,0.0,0.0,0.0,0.0,0.0,https://public.flourish.studio/country-flags/svg/cf.svg
Chad,Africa,0.0,0.0,0.0,0.0,0.0,0.0,0.0,0.0,0.0,0.0,0.0,0.0,0.0,0.0,0.0,0.0,0.0,0.0,0.0,0.0,0.0,0.0,0.0,0.0,0.0,0.0,0.0,0.0,0.0,0.0,0.0,0.0,0.0,0.0,0.0,0.0,0.0,0.0,0.0,0.0,0.0,0.0,0.0,0.0,0.0,0.0,0.0,0.0,0.0,0.0,0.0,0.0,0.0,0.0,0.0,0.0,0.0,0.0,https://public.flourish.studio/country-flags/svg/td.svg
Chile,South America,121.482,130.7,133.212,136.634,146.195,154.016,165.357,163.64,158.07,153.924,135.552,140.835,147.03,152.742,162.506,166.734,166.263,147.671,150.904,156.774,153.088,156.58100000000002,162.099,191.078,231.24399999999997,252.334,265.65,278.26,297.461,319.108,343.576,380.80499999999995,438.96000000000004,461.28600000000006,496.679,493.15999999999997,488.523,494.83299999999997,503.014,554.749,556.72,569.622,595.0129999999999,579.11,546.012,583.5129999999999,628.855,654.486,671.973,652.044,646.984,692.682,699.674,708.6569999999999,725.5350000000001,656.112,721.43,714.2729999999999,https://public.flourish.studio/country-flags/svg/cl.svg
China,Asia,2941.7079999999996,3205.634,2887.504,2898.1369999999997,3552.817,4581.243,5428.298,5842.802,6155.9929999999995,6327.057999999999,7102.969999999999,7488.291,8177.468,9008.426,9256.491,9310.749,9140.256000000001,9513.658,10084.327000000001,10856.868,11754.364000000001,12329.054,13308.937000000002,14288.607,14972.606,15126.544,15937.379,16773.101,18006.203,19018.553,19482.552,20611.559999999998,20702.884,20726.942,21505.816,22170.518000000004,23190.922,25314.381,29719.135,34665.785,39426.687000000005,43225.976,46896.518,47886.681,50175.117,53287.542,57771.931,59170.864,61056.773,61661.701,61771.664000000004,61187.536,63022.274,65452.136,67842.36499999999,69506.359,72637.41500000001,72276.11600000001,https://public.flourish.studio/country-flags/svg/cn.svg
Christmas Island,Asia,0.0,0.0,0.0,0.0,0.0,0.0,0.0,0.0,0.0,0.0,0.0,0.0,0.0,0.0,0.0,0.0,0.0,0.0,0.0,0.0,0.0,0.0,0.0,0.0,0.0,0.0,0.0,0.0,0.0,0.0,0.0,0.0,0.0,0.0,0.0,0.0,0.0,0.0,0.0,0.0,0.0,0.0,0.0,0.0,0.0,0.0,0.0,0.0,0.0,0.0,0.0,0.0,0.0,0.0,0.0,0.0,0.0,0.0,
Colombia,South America,174.38799999999998,196.57,205.764,211.64499999999998,211.404,231.07,226.037,262.308,248.598,277.324,252.506,262.74699999999996,272.27,279.669,286.86300000000006,294.58000000000004,301.174,306.481,326.87300000000005,321.76300000000003,328.144,332.066,363.345,355.428,368.832,340.60299999999995,352.649,403.074,417.148,440.352,455.21900000000005,461.341,495.10900000000004,507.604,443.52599999999995,442.948,444.68600000000004,432.416,432.698,454.826,440.11699999999996,523.004,527.4749999999999,550.578,565.3340000000001,606.2760000000001,597.846,658.654,704.1410000000001,751.547,698.178,809.962,766.374,784.8320000000001,803.5240000000001,727.766,792.398,842.674,https://public.flourish.studio/country-flags/svg/co.svg
Comoros,Africa,0.0,0.0,0.0,0.0,0.0,0.0,0.0,0.0,0.0,0.0,0.0,0.0,0.0,0.0,0.0,0.0,0.0,0.0,0.0,0.0,0.0,0.0,0.0,0.0,0.0,0.0,0.0,0.0,0.0,0.0,0.0,0.0,0.0,0.0,0.0,0.0,0.0,0.0,0.0,0.0,0.0,0.0,0.0,0.0,0.0,0.0,0.0,0.0,0.0,0.0,0.0,0.0,0.0,0.0,0.0,0.0,0.0,0.0,https://public.flourish.studio/country-flags/svg/km.svg
Congo,Africa,0.0,0.0,0.0,0.0,0.0,0.0,0.0,0.0,0.0,0.0,0.0,0.0,0.0,0.0,0.0,0.0,0.0,0.0,0.0,0.0,0.0,0.0,0.0,0.0,0.0,0.0,0.0,0.0,0.0,0.0,0.0,0.0,0.0,0.0,0.0,0.0,0.0,0.0,0.0,0.0,0.0,0.0,0.0,0.0,0.0,0.0,0.0,0.0,0.0,0.0,0.0,0.0,0.0,0.0,0.0,0.0,0.0,0.0,
Cook Islands,Oceania,0.0,0.0,0.0,0.0,0.0,0.0,0.0,0.0,0.0,0.0,0.0,0.0,0.0,0.0,0.0,0.0,0.0,0.0,0.0,0.0,0.0,0.0,0.0,0.0,0.0,0.0,0.0,0.0,0.0,0.0,0.0,0.0,0.0,0.0,0.0,0.0,0.0,0.0,0.0,0.0,0.0,0.0,0.0,0.0,0.0,0.0,0.0,0.0,0.0,0.0,0.0,0.0,0.0,0.0,0.0,0.0,0.0,0.0,
Costa Rica,North America,0.0,0.0,0.0,0.0,0.0,0.0,0.0,0.0,0.0,0.0,0.0,0.0,0.0,0.0,0.0,0.0,0.0,0.0,0.0,0.0,0.0,0.0,0.0,0.0,0.0,0.0,0.0,0.0,0.0,0.0,0.0,0.0,0.0,0.0,0.0,0.0,0.0,0.0,0.0,0.0,0.0,0.0,0.0,0.0,0.0,0.0,0.0,0.0,0.0,0.0,0.0,0.0,0.0,0.0,0.0,0.0,0.0,0.0,https://public.flourish.studio/country-flags/svg/cr.svg
Cote d'Ivoire,Africa,0.0,0.0,0.0,0.0,0.0,0.0,0.0,0.0,0.0,0.0,0.0,0.0,0.0,0.0,0.0,0.0,0.0,0.0,0.0,0.0,0.0,0.0,0.0,0.0,0.0,0.0,0.0,0.0,0.0,0.0,0.0,0.0,0.0,0.0,0.0,0.0,0.0,0.0,0.0,0.0,0.0,0.0,0.0,0.0,0.0,0.0,0.0,0.0,0.0,0.0,0.0,0.0,0.0,0.0,0.0,0.0,0.0,0.0,https://public.flourish.studio/country-flags/svg/ci.svg
Croatia,Europe,0.0,0.0,0.0,0.0,0.0,0.0,0.0,0.0,0.0,0.0,0.0,0.0,0.0,0.0,0.0,0.0,0.0,0.0,0.0,0.0,0.0,0.0,0.0,0.0,0.0,178.404,134.838,135.287,140.984,137.546,142.03300000000002,141.924,152.094,161.79500000000002,160.838,154.93,160.84199999999998,169.086,180.983,177.09,178.132,178.065,190.02800000000002,182.804,170.986,164.884,159.599,145.59,140.736,137.339,140.767,144.216,151.12300000000002,143.203,145.20999999999998,135.232,138.154,138.24,https://public.flourish.studio/country-flags/svg/hr.svg
Cuba,North America,0.0,0.0,0.0,0.0,0.0,0.0,0.0,0.0,0.0,0.0,0.0,0.0,0.0,0.0,0.0,0.0,0.0,0.0,0.0,0.0,0.0,0.0,0.0,0.0,0.0,0.0,0.0,0.0,0.0,0.0,0.0,0.0,0.0,0.0,0.0,0.0,0.0,0.0,0.0,0.0,0.0,0.0,0.0,0.0,0.0,0.0,0.0,0.0,0.0,0.0,0.0,0.0,0.0,0.0,0.0,0.0,0.0,0.0,https://public.flourish.studio/country-flags/svg/cu.svg
Curacao,North America,0.0,0.0,0.0,0.0,0.0,0.0,0.0,0.0,0.0,0.0,0.0,0.0,0.0,0.0,0.0,0.0,0.0,0.0,0.0,0.0,0.0,0.0,0.0,0.0,0.0,0.0,0.0,0.0,0.0,0.0,0.0,0.0,0.0,0.0,0.0,0.0,0.0,0.0,0.0,0.0,0.0,0.0,0.0,0.0,0.0,0.0,0.0,0.0,0.0,0.0,0.0,0.0,0.0,0.0,0.0,0.0,0.0,0.0,https://public.flourish.studio/country-flags/svg/cw.svg
Cyprus,Europe,4.68,5.339,5.787,6.427,7.59,8.005,9.549,10.737,11.519,10.213,8.53,8.673,9.797,10.044,10.193,10.279,9.856,11.814,12.431,12.612,13.566,14.144,17.281,17.845,18.312,19.274,19.512,22.796,23.69,23.732,25.23,25.605,25.852,27.447,28.881,30.261,30.608999999999998,30.186,32.089,31.226,34.99,68.816,69.932,35.643,34.73,33.674,33.025999999999996,30.693,27.19,27.296,27.970000000000002,30.47,31.311,31.103,30.979,26.392,27.532,29.101,https://public.flourish.studio/country-flags/svg/cy.svg
Czechia,Europe,924.357,932.128,918.668,961.107,1003.9839999999999,1043.6280000000002,1100.258,1106.215,1113.935,1121.585,1167.872,1202.905,1239.664,1257.982,1268.658,1227.484,1220.262,1208.133,1209.032,1245.896,1239.534,1231.116,1231.2040000000002,1232.7579999999998,1191.811,1015.202,919.989,888.1089999999999,876.991,848.539,888.228,918.9010000000001,879.7849999999999,848.935,806.888,856.7460000000001,870.928,849.308,872.516,893.0930000000001,884.89,895.596,884.7860000000001,859.4200000000001,807.777,838.206,804.922,785.644,758.6610000000001,740.6210000000001,740.265,742.6769999999999,772.644,763.9100000000001,736.432,665.086,708.93,704.3900000000001,
Democratic Republic of Congo,Africa,0.0,0.0,0.0,0.0,0.0,0.0,0.0,0.0,0.0,0.0,0.0,0.0,0.0,0.0,0.0,0.0,0.0,0.0,0.0,0.0,0.0,0.0,0.0,0.0,0.0,0.0,0.0,0.0,0.0,0.0,0.0,0.0,0.0,0.0,0.0,0.0,0.0,0.0,0.0,0.0,0.0,0.0,0.0,0.0,0.0,0.0,0.0,0.0,0.0,0.0,0.0,0.0,0.0,0.0,0.0,0.0,0.0,0.0,
Denmark,Europe,166.13400000000001,188.983,190.049,198.605,227.982,242.91899999999998,229.564,242.27100000000002,234.399,213.243,210.178,231.387,236.112,239.52999999999997,239.035,232.829,209.11100000000002,199.85000000000002,379.658,386.0,434.922,444.05,427.69,422.182,388.156,398.80600000000004,458.914,427.37,451.67999999999995,485.534,475.96799999999996,567.094,508.212,483.659,465.579,439.474,439.31399999999996,432.851,462.15999999999997,426.616,396.914,448.53,416.581,393.956,370.07,382.404,343.272,308.064,319.516,293.182,278.212,287.046,269.768,271.154,250.43400000000003,206.538,223.763,215.75,https://public.flourish.studio/country-flags/svg/dk.svg
Djibouti,Africa,0.0,0.0,0.0,0.0,0.0,0.0,0.0,0.0,0.0,0.0,0.0,0.0,0.0,0.0,0.0,0.0,0.0,0.0,0.0,0.0,0.0,0.0,0.0,0.0,0.0,0.0,0.0,0.0,0.0,0.0,0.0,0.0,0.0,0.0,0.0,0.0,0.0,0.0,0.0,0.0,0.0,0.0,0.0,0.0,0.0,0.0,0.0,0.0,0.0,0.0,0.0,0.0,0.0,0.0,0.0,0.0,0.0,0.0,https://public.flourish.studio/country-flags/svg/dj.svg
Dominica,North America,0.0,0.0,0.0,0.0,0.0,0.0,0.0,0.0,0.0,0.0,0.0,0.0,0.0,0.0,0.0,0.0,0.0,0.0,0.0,0.0,0.0,0.0,0.0,0.0,0.0,0.0,0.0,0.0,0.0,0.0,0.0,0.0,0.0,0.0,0.0,0.0,0.0,0.0,0.0,0.0,0.0,0.0,0.0,0.0,0.0,0.0,0.0,0.0,0.0,0.0,0.0,0.0,0.0,0.0,0.0,0.0,0.0,0.0,https://public.flourish.studio/country-flags/svg/dm.svg
Dominican Republic,North America,0.0,0.0,0.0,0.0,0.0,0.0,0.0,0.0,0.0,0.0,0.0,0.0,0.0,0.0,0.0,0.0,0.0,0.0,0.0,0.0,0.0,0.0,0.0,0.0,0.0,0.0,0.0,0.0,0.0,0.0,0.0,0.0,0.0,0.0,0.0,0.0,0.0,0.0,0.0,0.0,0.0,0.0,0.0,0.0,0.0,0.0,0.0,0.0,0.0,0.0,0.0,0.0,0.0,0.0,0.0,0.0,0.0,0.0,https://public.flourish.studio/country-flags/svg/do.svg
East Timor,Asia,0.0,0.0,0.0,0.0,0.0,0.0,0.0,0.0,0.0,0.0,0.0,0.0,0.0,0.0,0.0,0.0,0.0,0.0,0.0,0.0,0.0,0.0,0.0,0.0,0.0,0.0,0.0,0.0,0.0,0.0,0.0,0.0,0.0,0.0,0.0,0.0,0.0,0.0,0.0,0.0,0.0,0.0,0.0,0.0,0.0,0.0,0.0,0.0,0.0,0.0,0.0,0.0,0.0,0.0,0.0,0.0,0.0,0.0,
Ecuador,South America,7.921,8.27,8.931,10.672,11.293,13.576,14.93,15.644,16.865,19.709,19.602,21.836000000000002,26.443,27.044999999999998,28.502,36.239,40.751999999999995,44.665000000000006,41.25,42.011,51.272999999999996,52.041999999999994,52.352000000000004,61.801,63.798,132.474,148.858,148.546,150.102,161.818,159.11700000000002,178.312,201.799,203.212,178.019,163.244,169.422,164.294,171.567,185.376,201.378,213.86900000000003,215.99200000000002,221.756,226.68200000000002,260.864,266.024,278.789,296.568,311.865,302.04,285.984,278.402,298.598,287.817,233.262,287.086,305.615,https://public.flourish.studio/country-flags/svg/ec.svg
Egypt,Africa,173.10500000000002,182.132,153.539,160.48899999999998,123.15,155.132,158.13400000000001,178.05200000000002,166.671,187.901,208.405,249.917,269.094,281.979,315.34299999999996,365.355,421.78999999999996,475.95,523.576,577.2729999999999,603.598,619.573,660.215,671.54,706.83,723.7849999999999,734.223,727.296,726.1379999999999,763.01,809.452,854.637,891.387,929.029,994.22,1052.741,1100.883,1137.545,1215.269,1287.246,1323.496,1397.086,1485.002,1573.6,1640.612,1710.348,1794.891,1868.898,1855.406,1831.829,1859.312,1966.422,2049.304,2047.1860000000001,1987.049,1838.317,1976.8980000000001,2085.98,
El Salvador,North America,0.0,0.0,0.0,0.0,0.0,0.0,0.0,0.0,0.0,0.0,0.0,0.0,0.0,0.0,0.0,0.0,0.0,0.0,0.0,0.0,0.0,0.0,0.0,0.0,0.0,0.0,0.0,0.0,0.0,0.0,0.0,0.0,0.0,0.0,0.0,0.0,0.0,0.0,0.0,0.0,0.0,0.0,0.0,0.0,0.0,0.0,0.0,0.0,0.0,0.0,0.0,0.0,0.0,0.0,0.0,0.0,0.0,0.0,https://public.flourish.studio/country-flags/svg/sv.svg
Equatorial Guinea,Africa,0.0,0.0,0.0,0.0,0.0,0.0,0.0,0.0,0.0,0.0,0.0,0.0,0.0,0.0,0.0,0.0,0.0,0.0,0.0,0.0,0.0,0.0,0.0,0.0,0.0,0.0,0.0,0.0,0.0,0.0,0.0,0.0,0.0,0.0,0.0,0.0,0.0,0.0,0.0,0.0,0.0,0.0,0.0,0.0,0.0,0.0,0.0,0.0,0.0,0.0,0.0,0.0,0.0,0.0,0.0,0.0,0.0,0.0,https://public.flourish.studio/country-flags/svg/gq.svg
Eritrea,Africa,0.0,0.0,0.0,0.0,0.0,0.0,0.0,0.0,0.0,0.0,0.0,0.0,0.0,0.0,0.0,0.0,0.0,0.0,0.0,0.0,0.0,0.0,0.0,0.0,0.0,0.0,0.0,0.0,0.0,0.0,0.0,0.0,0.0,0.0,0.0,0.0,0.0,0.0,0.0,0.0,0.0,0.0,0.0,0.0,0.0,0.0,0.0,0.0,0.0,0.0,0.0,0.0,0.0,0.0,0.0,0.0,0.0,0.0,https://public.flourish.studio/country-flags/svg/er.svg
Estonia,Europe,0.0,0.0,0.0,0.0,0.0,0.0,0.0,0.0,0.0,0.0,0.0,0.0,0.0,0.0,0.0,0.0,0.0,0.0,0.0,0.0,236.905,235.76600000000002,239.332,235.265,242.45,255.14100000000002,233.465,162.776,135.173,137.078,124.293,131.993,130.005,116.58500000000001,107.368,110.59299999999999,115.501,114.99799999999999,125.372,127.834,128.286,126.584,146.63,134.466,114.12100000000001,139.69400000000002,138.626,137.873,147.371,139.679,127.77000000000001,132.0,145.77100000000002,143.239,112.113,99.673,104.95599999999999,104.50900000000001,https://public.flourish.studio/country-flags/svg/ee.svg
Eswatini,Africa,0.0,0.0,0.0,0.0,0.0,0.0,0.0,0.0,0.0,0.0,0.0,0.0,0.0,0.0,0.0,0.0,0.0,0.0,0.0,0.0,0.0,0.0,0.0,0.0,0.0,0.0,0.0,0.0,0.0,0.0,0.0,0.0,0.0,0.0,0.0,0.0,0.0,0.0,0.0,0.0,0.0,0.0,0.0,0.0,0.0,0.0,0.0,0.0,0.0,0.0,0.0,0.0,0.0,0.0,0.0,0.0,0.0,0.0,https://public.flourish.studio/country-flags/svg/sz.svg
Ethiopia,Africa,0.0,0.0,0.0,0.0,0.0,0.0,0.0,0.0,0.0,0.0,0.0,0.0,0.0,0.0,0.0,0.0,0.0,0.0,0.0,0.0,0.0,0.0,0.0,0.0,0.0,0.0,0.0,0.0,0.0,0.0,0.0,0.0,0.0,0.0,0.0,0.0,0.0,0.0,0.0,0.0,0.0,0.0,0.0,0.0,0.0,0.0,0.0,0.0,0.0,0.0,0.0,0.0,0.0,0.0,0.0,0.0,0.0,0.0,https://public.flourish.studio/country-flags/svg/et.svg
Faroe Islands,Europe,0.0,0.0,0.0,0.0,0.0,0.0,0.0,0.0,0.0,0.0,0.0,0.0,0.0,0.0,0.0,0.0,0.0,0.0,0.0,0.0,0.0,0.0,0.0,0.0,0.0,0.0,0.0,0.0,0.0,0.0,0.0,0.0,0.0,0.0,0.0,0.0,0.0,0.0,0.0,0.0,0.0,0.0,0.0,0.0,0.0,0.0,0.0,0.0,0.0,0.0,0.0,0.0,0.0,0.0,0.0,0.0,0.0,0.0,https://public.flourish.studio/country-flags/svg/fo.svg
Fiji,Oceania,0.0,0.0,0.0,0.0,0.0,0.0,0.0,0.0,0.0,0.0,0.0,0.0,0.0,0.0,0.0,0.0,0.0,0.0,0.0,0.0,0.0,0.0,0.0,0.0,0.0,0.0,0.0,0.0,0.0,0.0,0.0,0.0,0.0,0.0,0.0,0.0,0.0,0.0,0.0,0.0,0.0,0.0,0.0,0.0,0.0,0.0,0.0,0.0,0.0,0.0,0.0,0.0,0.0,0.0,0.0,0.0,0.0,0.0,https://public.flourish.studio/country-flags/svg/fj.svg
Finland,Europe,87.745,100.66999999999999,103.865,119.016,139.06,153.545,154.99800000000002,166.01800000000003,185.494,340.75300000000004,350.298,392.004,386.84799999999996,415.498,429.4100000000001,429.326,371.062,355.839,342.554,360.009,391.131,397.264,416.294,415.394,422.579,440.305,440.82500000000005,429.08900000000006,434.16700000000003,476.83299999999997,437.708,476.622,463.30100000000004,455.73199999999997,454.649,448.326,474.57,491.95,547.184,506.565,446.554,506.568,492.426,447.37699999999995,425.402,474.78600000000006,429.652,389.008,404.5,373.25699999999995,351.748,370.594,351.42600000000004,360.084,341.424,300.56,292.846,275.58299999999997,https://public.flourish.studio/country-flags/svg/fi.svg
France,Europe,2336.967,2363.468,2570.344,2691.498,2980.242,3230.062,3398.819,3626.915,3976.208,3847.907,3558.374,3900.736,3781.057,3951.2309999999998,4042.233,3846.1890000000003,3535.492,3355.807,3271.219,3178.3199999999997,3164.5789999999997,3110.282,3089.007,3063.5820000000003,3143.446,3202.511,3415.88,3355.409,3212.1220000000003,3103.4539999999997,3170.342,3309.764,3249.362,3437.858,3445.6580000000004,3439.4139999999998,3450.88,3395.067,3460.3370000000004,3484.331,3485.1769999999997,3422.46,3350.4700000000003,3323.433,3175.353,3219.9489999999996,3006.373,3000.624,3002.108,2729.9709999999995,2785.65,2844.332,2874.367,2807.7290000000003,2767.9300000000003,2405.522,2608.714,2503.85,https://public.flourish.studio/country-flags/svg/fr.svg
French Polynesia,Oceania,0.0,0.0,0.0,0.0,0.0,0.0,0.0,0.0,0.0,0.0,0.0,0.0,0.0,0.0,0.0,0.0,0.0,0.0,0.0,0.0,0.0,0.0,0.0,0.0,0.0,0.0,0.0,0.0,0.0,0.0,0.0,0.0,0.0,0.0,0.0,0.0,0.0,0.0,0.0,0.0,0.0,0.0,0.0,0.0,0.0,0.0,0.0,0.0,0.0,0.0,0.0,0.0,0.0,0.0,0.0,0.0,0.0,0.0,https://public.flourish.studio/country-flags/svg/pf.svg
Gabon,Africa,0.0,0.0,0.0,0.0,0.0,0.0,0.0,0.0,0.0,0.0,0.0,0.0,0.0,0.0,0.0,0.0,0.0,0.0,0.0,0.0,0.0,0.0,0.0,0.0,0.0,0.0,0.0,0.0,0.0,0.0,0.0,0.0,0.0,0.0,0.0,0.0,0.0,0.0,0.0,0.0,0.0,0.0,0.0,0.0,0.0,0.0,0.0,0.0,0.0,0.0,0.0,0.0,0.0,0.0,0.0,0.0,0.0,0.0,https://public.flourish.studio/country-flags/svg/ga.svg
Gambia,Africa,0.0,0.0,0.0,0.0,0.0,0.0,0.0,0.0,0.0,0.0,0.0,0.0,0.0,0.0,0.0,0.0,0.0,0.0,0.0,0.0,0.0,0.0,0.0,0.0,0.0,0.0,0.0,0.0,0.0,0.0,0.0,0.0,0.0,0.0,0.0,0.0,0.0,0.0,0.0,0.0,0.0,0.0,0.0,0.0,0.0,0.0,0.0,0.0,0.0,0.0,0.0,0.0,0.0,0.0,0.0,0.0,0.0,0.0,
Georgia,Asia,0.0,0.0,0.0,0.0,0.0,0.0,0.0,0.0,0.0,0.0,0.0,0.0,0.0,0.0,0.0,0.0,0.0,0.0,0.0,0.0,0.0,0.0,0.0,0.0,0.0,0.0,0.0,0.0,0.0,0.0,0.0,0.0,0.0,0.0,0.0,0.0,0.0,0.0,0.0,0.0,0.0,0.0,0.0,0.0,0.0,0.0,0.0,0.0,0.0,0.0,0.0,0.0,0.0,0.0,0.0,0.0,0.0,0.0,https://public.flourish.studio/country-flags/svg/ge.svg
Germany,Europe,5842.044,5848.802,5833.43,6230.862999999999,6730.437,7075.612,7165.8730000000005,7401.803,7809.217000000001,7642.816,7284.0830000000005,7776.162,7668.318,7938.368,8352.416,8037.668,7713.27,7374.397999999999,7473.517,7622.205,7680.4619999999995,7648.7970000000005,7648.512000000001,7592.3189999999995,7483.6759999999995,7407.734,7240.8060000000005,6995.56,6985.52,6912.704,6924.885,7156.379999999999,6993.558,6963.758,6785.76,6783.553,6920.762,6816.113,6810.114,6733.621999999999,6616.51,6721.234,6428.215,6451.767,6036.862999999999,6269.057,6065.338,6105.128,6294.809,5926.325999999999,5962.268,6124.201999999999,6130.715,5903.759,5623.57,5116.451,5399.5,5206.492,https://public.flourish.studio/country-flags/svg/de.svg
Ghana,Africa,0.0,0.0,0.0,0.0,0.0,0.0,0.0,0.0,0.0,0.0,0.0,0.0,0.0,0.0,0.0,0.0,0.0,0.0,0.0,0.0,0.0,0.0,0.0,0.0,0.0,0.0,0.0,0.0,0.0,0.0,0.0,0.0,0.0,0.0,0.0,0.0,0.0,0.0,0.0,0.0,0.0,0.0,0.0,0.0,0.0,0.0,0.0,0.0,0.0,0.0,0.0,0.0,0.0,0.0,0.0,0.0,0.0,0.0,https://public.flourish.studio/country-flags/svg/gh.svg
Greece,Europe,76.777,81.535,90.489,95.09299999999999,98.645,108.568,130.79,147.6,172.36,167.998,192.33100000000002,213.517,221.507,222.347,192.491,191.03900000000002,186.443,377.307,386.759,401.34900000000005,425.23199999999997,423.62800000000004,467.714,497.202,542.896,564.152,564.625,580.154,587.2819999999999,595.691,612.51,623.662,644.917,687.149,681.289,721.597,734.7840000000001,731.7909999999999,762.395,762.282,762.443,777.78,810.65,789.142,745.26,695.329,695.0540000000001,639.9100000000001,574.95,546.108,539.533,530.058,566.686,558.398,543.9079999999999,456.362,483.428,505.98,https://public.flourish.studio/country-flags/svg/gr.svg
Greenland,North America,0.0,0.0,0.0,0.0,0.0,0.0,0.0,0.0,0.0,0.0,0.0,0.0,0.0,0.0,0.0,0.0,0.0,0.0,0.0,0.0,0.0,0.0,0.0,0.0,0.0,0.0,0.0,0.0,0.0,0.0,0.0,0.0,0.0,0.0,0.0,0.0,0.0,0.0,0.0,0.0,0.0,0.0,0.0,0.0,0.0,0.0,0.0,0.0,0.0,0.0,0.0,0.0,0.0,0.0,0.0,0.0,0.0,0.0,https://public.flourish.studio/country-flags/svg/gl.svg
Grenada,North America,0.0,0.0,0.0,0.0,0.0,0.0,0.0,0.0,0.0,0.0,0.0,0.0,0.0,0.0,0.0,0.0,0.0,0.0,0.0,0.0,0.0,0.0,0.0,0.0,0.0,0.0,0.0,0.0,0.0,0.0,0.0,0.0,0.0,0.0,0.0,0.0,0.0,0.0,0.0,0.0,0.0,0.0,0.0,0.0,0.0,0.0,0.0,0.0,0.0,0.0,0.0,0.0,0.0,0.0,0.0,0.0,0.0,0.0,https://public.flourish.studio/country-flags/svg/gd.svg
Guatemala,North America,0.0,0.0,0.0,0.0,0.0,0.0,0.0,0.0,0.0,0.0,0.0,0.0,0.0,0.0,0.0,0.0,0.0,0.0,0.0,0.0,0.0,0.0,0.0,0.0,0.0,0.0,0.0,0.0,0.0,0.0,0.0,0.0,0.0,0.0,0.0,0.0,0.0,0.0,0.0,0.0,0.0,0.0,0.0,0.0,0.0,0.0,0.0,0.0,0.0,0.0,0.0,0.0,0.0,0.0,0.0,0.0,0.0,0.0,https://public.flourish.studio/country-flags/svg/gt.svg
Guinea,Africa,0.0,0.0,0.0,0.0,0.0,0.0,0.0,0.0,0.0,0.0,0.0,0.0,0.0,0.0,0.0,0.0,0.0,0.0,0.0,0.0,0.0,0.0,0.0,0.0,0.0,0.0,0.0,0.0,0.0,0.0,0.0,0.0,0.0,0.0,0.0,0.0,0.0,0.0,0.0,0.0,0.0,0.0,0.0,0.0,0.0,0.0,0.0,0.0,0.0,0.0,0.0,0.0,0.0,0.0,0.0,0.0,0.0,0.0,https://public.flourish.studio/country-flags/svg/gn.svg
Guinea-Bissau,Africa,0.0,0.0,0.0,0.0,0.0,0.0,0.0,0.0,0.0,0.0,0.0,0.0,0.0,0.0,0.0,0.0,0.0,0.0,0.0,0.0,0.0,0.0,0.0,0.0,0.0,0.0,0.0,0.0,0.0,0.0,0.0,0.0,0.0,0.0,0.0,0.0,0.0,0.0,0.0,0.0,0.0,0.0,0.0,0.0,0.0,0.0,0.0,0.0,0.0,0.0,0.0,0.0,0.0,0.0,0.0,0.0,0.0,0.0,https://public.flourish.studio/country-flags/svg/gw.svg
Guyana,South America,0.0,0.0,0.0,0.0,0.0,0.0,0.0,0.0,0.0,0.0,0.0,0.0,0.0,0.0,0.0,0.0,0.0,0.0,0.0,0.0,0.0,0.0,0.0,0.0,0.0,0.0,0.0,0.0,0.0,0.0,0.0,0.0,0.0,0.0,0.0,0.0,0.0,0.0,0.0,0.0,0.0,0.0,0.0,0.0,0.0,0.0,0.0,0.0,0.0,0.0,0.0,0.0,0.0,0.0,0.0,0.0,0.0,0.0,https://public.flourish.studio/country-flags/svg/gy.svg
Haiti,North America,0.0,0.0,0.0,0.0,0.0,0.0,0.0,0.0,0.0,0.0,0.0,0.0,0.0,0.0,0.0,0.0,0.0,0.0,0.0,0.0,0.0,0.0,0.0,0.0,0.0,0.0,0.0,0.0,0.0,0.0,0.0,0.0,0.0,0.0,0.0,0.0,0.0,0.0,0.0,0.0,0.0,0.0,0.0,0.0,0.0,0.0,0.0,0.0,0.0,0.0,0.0,0.0,0.0,0.0,0.0,0.0,0.0,0.0,https://public.flourish.studio/country-flags/svg/ht.svg
Honduras,North America,0.0,0.0,0.0,0.0,0.0,0.0,0.0,0.0,0.0,0.0,0.0,0.0,0.0,0.0,0.0,0.0,0.0,0.0,0.0,0.0,0.0,0.0,0.0,0.0,0.0,0.0,0.0,0.0,0.0,0.0,0.0,0.0,0.0,0.0,0.0,0.0,0.0,0.0,0.0,0.0,0.0,0.0,0.0,0.0,0.0,0.0,0.0,0.0,0.0,0.0,0.0,0.0,0.0,0.0,0.0,0.0,0.0,0.0,https://public.flourish.studio/country-flags/svg/hn.svg
Hong Kong,Asia,26.302,28.526,33.693,36.428000000000004,42.8,45.981,48.56,55.154,57.202000000000005,58.557,55.127,65.09100000000001,70.283,73.01700000000001,74.76299999999999,76.396,81.40899999999999,89.35000000000001,94.743,97.063,100.768,105.59100000000001,116.019,133.649,142.86,139.358,144.389,169.929,185.502,168.09300000000002,361.361,361.183,365.38599999999997,372.46799999999996,377.245,394.951,498.84000000000003,486.866,502.81100000000004,563.054,540.1800000000001,571.501,608.0240000000001,565.702,617.711,642.006,657.755,632.588,649.55,634.011,652.4350000000001,669.542,718.168,726.4549999999999,688.427,514.711,485.13,434.966,
Hungary,Europe,369.507,374.334,357.30100000000004,370.68600000000004,396.964,427.759,441.625,455.90599999999995,493.79,509.043,538.473,575.333,605.078,647.259,640.8800000000001,643.0160000000001,636.169,639.048,614.01,623.591,629.0730000000001,620.606,629.962,600.012,580.044,567.4259999999999,524.605,498.83000000000004,478.15999999999997,486.202,492.682,502.48300000000006,489.51,498.494,497.195,479.664,494.09900000000005,482.256,505.434,506.114,528.273,520.986,504.068,489.35,440.75800000000004,449.02,435.64700000000005,399.54200000000003,375.62800000000004,371.698,396.654,404.615,431.769,435.624,435.51599999999996,421.808,442.34000000000003,403.891,https://public.flourish.studio/country-flags/svg/hu.svg
Iceland,Europe,5.688,6.107,5.915,6.303,5.774,5.892,6.4110000000000005,6.865,7.945,7.414,6.963,6.996,7.317,7.709,7.6659999999999995,7.2059999999999995,7.211,6.598,6.588,7.062,7.094,7.287,7.618,7.937,8.489,8.603,8.148,8.554,8.872,8.973,9.134,10.112,9.964,10.113,10.212,10.699,10.200999999999999,10.558,10.638,11.129,11.257,11.453,23.139000000000003,10.64,9.861,9.542,9.428,9.363000000000001,9.903,10.067,11.0,12.187,13.438,14.44,12.404,7.314,7.196,9.826,https://public.flourish.studio/country-flags/svg/is.svg
India,Asia,1125.5500000000002,1158.4560000000001,1184.408,1255.1,1387.03,1340.057,1385.821,1474.844,1491.49,1601.406,1697.26,1778.416,1878.366,1896.887,2032.2490000000003,2095.424,2335.158,2364.99,2508.518,2661.438,2836.522,3051.799,3285.948,3567.126,3889.237,4172.02,4386.173,4653.58,4776.678,5008.246,5427.486,5697.121999999999,6019.49,6325.1900000000005,6520.974,6892.06,6932.505,7179.937,7456.798000000001,7928.876,8475.027,8855.694,9602.551,10250.715,11105.647,11541.462,12003.878,12762.452000000001,13102.368,13987.803,14492.985,15187.260999999999,15690.105,16499.243,16714.402,15677.052,17098.789,17909.702,https://public.flourish.studio/country-flags/svg/in.svg
Indonesia,Asia,158.238,153.757,150.034,157.37900000000002,179.212,189.161,195.65,208.842,234.548,251.01600000000002,309.158,329.662,433.742,492.262,560.642,603.72,647.832,660.001,695.322,765.489,809.608,855.7049999999999,903.887,953.037,1052.598,1155.562,1256.0900000000001,1370.5140000000001,1468.906,1542.978,1678.963,1800.808,1975.216,1911.196,2090.22,2240.2659999999996,2390.133,2465.798,2687.862,2656.651,2731.146,2786.478,2985.952,3013.92,3093.316,3322.6580000000004,3544.1,3655.0519999999997,3496.838,3537.13,3618.018,3561.6850000000004,3691.564,3950.83,4186.914,3781.1899999999996,3829.797,4875.719,https://public.flourish.studio/country-flags/svg/id.svg
Iran,Asia,184.414,201.149,221.541,243.85,267.894,317.42,348.001,391.736,475.404,539.62,631.016,710.252,806.434,774.622,844.104,779.1,779.031,882.078,1055.193,1145.724,1252.996,1164.854,1247.296,1270.392,1402.137,1578.914,1727.297,1892.416,1739.205,1976.708,2066.666,2249.64,2337.133,2426.7290000000003,2632.514,2770.56,2959.866,3205.788,3256.615,3594.875,3797.452,4134.496,4405.623,4603.83,4719.752,4785.272,4998.2,5038.147999999999,5192.543,5412.213,5400.73,5640.754,5842.621999999999,6082.576000000001,6298.345,6594.369,6616.933,6671.24,https://public.flourish.studio/country-flags/svg/ir.svg
Iraq,Asia,22.796,25.097,25.307,26.84,31.049,38.647999999999996,42.268,49.611999999999995,48.504000000000005,47.161,51.476,65.084,67.885,71.675,89.31800000000001,99.32,92.94800000000001,96.356,110.94200000000001,123.09,141.45899999999997,163.23399999999998,186.976,217.73399999999998,248.25400000000002,223.973,143.688,222.653,298.129,339.605,335.678,337.943,403.793,299.448,218.757,313.21000000000004,349.572,329.286,290.28,309.475,294.30899999999997,285.481,289.268,337.674,331.609,370.391,381.992,414.967,461.41200000000003,463.61199999999997,463.36800000000005,522.843,1183.893,1197.738,1254.53,541.159,567.832,630.7049999999999,https://public.flourish.studio/country-flags/svg/iq.svg
Ireland,Europe,64.877,73.296,79.797,93.563,94.43,73.43,77.358,81.09700000000001,85.47800000000001,86.562,81.598,83.12299999999999,88.262,92.049,202.68900000000002,195.897,190.892,189.82999999999998,187.147,185.655,194.124,209.573,213.38,211.23900000000003,218.81800000000004,231.651,240.511,241.176,246.639,256.31899999999996,262.93100000000004,277.548,286.639,306.652,324.384,339.644,360.25,354.601,347.058,352.621,365.515,374.38300000000004,378.254,371.2,328.302,333.53499999999997,308.172,303.759,296.53999999999996,291.331,302.186,319.746,313.032,314.47299999999996,307.23199999999997,276.63599999999997,292.898,302.988,https://public.flourish.studio/country-flags/svg/ie.svg
Israel,Asia,41.013,42.65,51.743,52.673,59.532,63.550000000000004,72.11500000000001,68.314,72.822,73.13,75.146,77.042,80.89699999999999,88.331,91.25500000000001,185.154,188.301,203.483,203.61899999999997,211.88099999999997,196.50300000000001,206.67700000000002,221.618,237.529,248.539,258.258,262.524,306.225,332.582,347.005,390.273,404.454,442.28099999999995,465.442,482.35,454.56100000000004,454.31,463.145,477.184,486.708,488.988,491.964,510.317,525.12,509.832,529.796,538.9680000000001,562.904,532.238,517.072,543.912,552.211,563.41,571.7370000000001,585.496,546.6320000000001,549.927,568.8320000000001,https://public.flourish.studio/country-flags/svg/il.svg
Italy,Europe,1569.6109999999999,1716.6,1895.328,2071.777,2264.708,2522.398,2677.32,2808.782,2969.114,2962.468,2874.857,3061.9790000000003,3005.032,3114.324,3229.04,3144.096,3085.1310000000003,3003.834,2941.0190000000002,2979.1059999999998,2974.2380000000003,3051.915,3208.942,3287.7870000000003,3429.418,3504.102,3557.657,3540.7740000000003,3463.482,3437.131,3628.334,3598.9649999999997,3665.974,3754.9320000000002,3839.812,3898.1359999999995,3875.892,3884.2700000000004,4027.0159999999996,4077.702,4117.392,4085.352,4020.2430000000004,3877.656,3525.982,3607.8360000000002,3498.6229999999996,3337.026,3062.575,2828.884,2993.987,3015.96,3082.7740000000003,3050.072,2988.9849999999997,2641.993,2881.974,2846.96,https://public.flourish.studio/country-flags/svg/it.svg
Jamaica,North America,0.0,0.0,0.0,0.0,0.0,0.0,0.0,0.0,0.0,0.0,0.0,0.0,0.0,0.0,0.0,0.0,0.0,0.0,0.0,0.0,0.0,0.0,0.0,0.0,0.0,0.0,0.0,0.0,0.0,0.0,0.0,0.0,0.0,0.0,0.0,0.0,0.0,0.0,0.0,0.0,0.0,0.0,0.0,0.0,0.0,0.0,0.0,0.0,0.0,0.0,0.0,0.0,0.0,0.0,0.0,0.0,0.0,0.0,https://public.flourish.studio/country-flags/svg/jm.svg
Japan,Asia,3197.1090000000004,3555.143,4201.098,4699.098,5402.486999999999,6069.468,6422.615,6740.275,7646.419,7534.034,7135.3189999999995,7367.414000000001,7499.380999999999,7696.471,7902.778,7531.763000000001,7386.3730000000005,6961.932,6980.746,7630.6849999999995,7486.274,7470.906,7548.865,8114.02,8365.813,8748.024,8856.641,9004.358,8920.402,9425.143,9752.967,9932.797,9964.511999999999,9675.242,9952.412,10071.221,9976.234,10042.05,10401.837,10245.741,10315.659,10172.13,10260.559000000001,10201.816,9054.469,9581.553,9682.072,10378.16,10266.658,9993.247,9707.028999999999,9522.565,9511.173999999999,9286.752,8955.573,8236.076000000001,8481.032,8412.866,https://public.flourish.studio/country-flags/svg/jp.svg
Jordan,Asia,0.0,0.0,0.0,0.0,0.0,0.0,0.0,0.0,0.0,0.0,0.0,0.0,0.0,0.0,0.0,0.0,0.0,0.0,0.0,0.0,0.0,0.0,0.0,0.0,0.0,0.0,0.0,0.0,0.0,0.0,0.0,0.0,0.0,0.0,0.0,0.0,0.0,0.0,0.0,0.0,0.0,0.0,0.0,0.0,0.0,0.0,0.0,0.0,0.0,0.0,0.0,0.0,0.0,0.0,0.0,0.0,0.0,0.0,https://public.flourish.studio/country-flags/svg/jo.svg
Kazakhstan,Asia,0.0,0.0,0.0,0.0,0.0,0.0,0.0,0.0,0.0,0.0,0.0,0.0,0.0,0.0,0.0,0.0,0.0,0.0,0.0,0.0,1561.24,1600.222,1631.29,1684.568,1655.29,1675.288,1671.435,1651.711,1448.655,1276.4009999999998,1147.711,998.547,879.017,829.1869999999999,777.658,694.9559999999999,784.902,795.9929999999999,879.357,941.172,970.027,1048.116,1164.086,1234.369,1106.906,1184.244,1350.9969999999998,1424.442,1430.76,1501.444,1233.502,1378.738,1491.37,1548.454,1569.523,1440.117,1563.618,1664.206,https://public.flourish.studio/country-flags/svg/kz.svg
Kenya,Africa,0.0,0.0,0.0,0.0,0.0,0.0,0.0,0.0,0.0,0.0,0.0,0.0,0.0,0.0,0.0,0.0,0.0,0.0,0.0,0.0,0.0,0.0,0.0,0.0,0.0,0.0,0.0,0.0,0.0,0.0,0.0,0.0,0.0,0.0,0.0,0.0,0.0,0.0,0.0,0.0,0.0,0.0,0.0,0.0,0.0,0.0,0.0,0.0,0.0,0.0,0.0,0.0,0.0,0.0,0.0,0.0,0.0,0.0,https://public.flourish.studio/country-flags/svg/ke.svg
Kiribati,Oceania,0.0,0.0,0.0,0.0,0.0,0.0,0.0,0.0,0.0,0.0,0.0,0.0,0.0,0.0,0.0,0.0,0.0,0.0,0.0,0.0,0.0,0.0,0.0,0.0,0.0,0.0,0.0,0.0,0.0,0.0,0.0,0.0,0.0,0.0,0.0,0.0,0.0,0.0,0.0,0.0,0.0,0.0,0.0,0.0,0.0,0.0,0.0,0.0,0.0,0.0,0.0,0.0,0.0,0.0,0.0,0.0,0.0,0.0,https://public.flourish.studio/country-flags/svg/ki.svg
Kuwait,Asia,79.221,82.881,84.358,88.776,90.936,73.407,73.157,80.959,80.664,77.40100000000001,69.007,82.298,84.13900000000001,92.413,112.727,84.72399999999999,108.709,106.923,118.03399999999999,125.782,120.555,138.048,127.51599999999999,143.994,155.05,91.493,46.121,81.675,100.173,116.934,150.55,149.02,155.051,190.983,198.265,423.88599999999997,428.611,453.659,542.182,605.678,668.1859999999999,642.261,623.921,674.94,698.766,785.9279999999999,807.1310000000001,829.755,849.2840000000001,863.6800000000001,897.492,886.316,901.5229999999999,923.114,840.04,794.415,832.458,885.8109999999999,https://public.flourish.studio/country-flags/svg/kw.svg
Kyrgyzstan,Asia,0.0,0.0,0.0,0.0,0.0,0.0,0.0,0.0,0.0,0.0,0.0,0.0,0.0,0.0,0.0,0.0,0.0,0.0,0.0,0.0,0.0,0.0,0.0,0.0,0.0,0.0,0.0,0.0,0.0,0.0,0.0,0.0,0.0,0.0,0.0,0.0,0.0,0.0,0.0,0.0,0.0,0.0,0.0,0.0,0.0,0.0,0.0,0.0,0.0,0.0,0.0,0.0,0.0,0.0,0.0,0.0,0.0,0.0,
Laos,Asia,0.0,0.0,0.0,0.0,0.0,0.0,0.0,0.0,0.0,0.0,0.0,0.0,0.0,0.0,0.0,0.0,0.0,0.0,0.0,0.0,0.0,0.0,0.0,0.0,0.0,0.0,0.0,0.0,0.0,0.0,0.0,0.0,0.0,0.0,0.0,0.0,0.0,0.0,0.0,0.0,0.0,0.0,0.0,0.0,0.0,0.0,0.0,0.0,0.0,0.0,0.0,0.0,0.0,0.0,0.0,0.0,0.0,0.0,
Latvia,Europe,0.0,0.0,0.0,0.0,0.0,0.0,0.0,0.0,0.0,0.0,0.0,0.0,0.0,0.0,0.0,0.0,0.0,0.0,0.0,0.0,194.961,179.79000000000002,158.37,152.367,148.74599999999998,146.344,139.99,99.15899999999999,81.30199999999999,75.7,71.768,71.923,66.068,65.387,60.872,58.80799999999999,64.646,67.532,67.462,72.668,74.27,73.125,75.788,74.358,67.658,78.482,71.01599999999999,68.705,68.24799999999999,65.31299999999999,67.158,69.21,67.646,66.705,70.982,60.441,63.225,57.989999999999995,https://public.flourish.studio/country-flags/svg/lv.svg
Lebanon,Asia,0.0,0.0,0.0,0.0,0.0,0.0,0.0,0.0,0.0,0.0,0.0,0.0,0.0,0.0,0.0,0.0,0.0,0.0,0.0,0.0,0.0,0.0,0.0,0.0,0.0,0.0,0.0,0.0,0.0,0.0,0.0,0.0,0.0,0.0,0.0,0.0,0.0,0.0,0.0,0.0,0.0,0.0,0.0,0.0,0.0,0.0,0.0,0.0,0.0,0.0,0.0,0.0,0.0,0.0,0.0,0.0,0.0,0.0,https://public.flourish.studio/country-flags/svg/lb.svg
Lesotho,Africa,0.0,0.0,0.0,0.0,0.0,0.0,0.0,0.0,0.0,0.0,0.0,0.0,0.0,0.0,0.0,0.0,0.0,0.0,0.0,0.0,0.0,0.0,0.0,0.0,0.0,0.0,0.0,0.0,0.0,0.0,0.0,0.0,0.0,0.0,0.0,0.0,0.0,0.0,0.0,0.0,0.0,0.0,0.0,0.0,0.0,0.0,0.0,0.0,0.0,0.0,0.0,0.0,0.0,0.0,0.0,0.0,0.0,0.0,https://public.flourish.studio/country-flags/svg/ls.svg
Liberia,Africa,0.0,0.0,0.0,0.0,0.0,0.0,0.0,0.0,0.0,0.0,0.0,0.0,0.0,0.0,0.0,0.0,0.0,0.0,0.0,0.0,0.0,0.0,0.0,0.0,0.0,0.0,0.0,0.0,0.0,0.0,0.0,0.0,0.0,0.0,0.0,0.0,0.0,0.0,0.0,0.0,0.0,0.0,0.0,0.0,0.0,0.0,0.0,0.0,0.0,0.0,0.0,0.0,0.0,0.0,0.0,0.0,0.0,0.0,https://public.flourish.studio/country-flags/svg/lr.svg
Libya,Africa,0.0,0.0,0.0,0.0,0.0,0.0,0.0,0.0,0.0,0.0,0.0,0.0,0.0,0.0,0.0,0.0,0.0,0.0,0.0,0.0,0.0,0.0,0.0,0.0,0.0,0.0,0.0,0.0,0.0,0.0,0.0,0.0,0.0,0.0,0.0,0.0,0.0,0.0,0.0,0.0,0.0,0.0,0.0,0.0,0.0,0.0,0.0,0.0,0.0,0.0,0.0,0.0,0.0,0.0,0.0,0.0,0.0,0.0,https://public.flourish.studio/country-flags/svg/ly.svg
Liechtenstein,Europe,0.0,0.0,0.0,0.0,0.0,0.0,0.0,0.0,0.0,0.0,0.0,0.0,0.0,0.0,0.0,0.0,0.0,0.0,0.0,0.0,0.0,0.0,0.0,0.0,0.0,0.0,0.0,0.0,0.0,0.0,0.0,0.0,0.0,0.0,0.0,0.0,0.0,0.0,0.0,0.0,0.0,0.0,0.0,0.0,0.0,0.0,0.0,0.0,0.0,0.0,0.0,0.0,0.0,0.0,0.0,0.0,0.0,0.0,https://public.flourish.studio/country-flags/svg/li.svg
Lithuania,Europe,0.0,0.0,0.0,0.0,0.0,0.0,0.0,0.0,0.0,0.0,0.0,0.0,0.0,0.0,0.0,0.0,0.0,0.0,0.0,0.0,305.264,275.10400000000004,295.076,291.658,300.369,304.707,328.428,176.622,132.638,130.102,127.97900000000001,133.66,127.99600000000001,132.93,117.22200000000001,106.28399999999999,116.546,113.494,116.156,119.71800000000002,128.164,129.046,138.29,136.046,116.80199999999999,125.288,129.684,129.114,116.798,112.262,116.78800000000001,117.314,121.83500000000001,127.165,125.841,124.0,122.844,111.43200000000002,https://public.flourish.studio/country-flags/svg/lt.svg
Luxembourg,Europe,83.09700000000001,79.655,78.384,84.80799999999999,91.378,94.852,91.40100000000001,94.21,99.93199999999999,101.345,84.17,84.444,78.49600000000001,81.697,83.94399999999999,77.316,65.986,61.842,57.784,62.258,64.05,62.510999999999996,58.93,60.453,69.69800000000001,73.808,79.27100000000002,79.596,80.648,77.41499999999999,67.224,69.346,67.701,65.12100000000001,68.989,73.38900000000001,78.734,86.26599999999999,90.56899999999999,102.408,103.878,101.817,97.68700000000001,96.869,92.682,97.72500000000001,95.148,93.043,88.03800000000001,84.688,81.739,80.304,82.77000000000001,86.231,87.089,72.18299999999999,77.755,69.66499999999999,https://public.flourish.studio/country-flags/svg/lu.svg
Macao,Asia,0.0,0.0,0.0,0.0,0.0,0.0,0.0,0.0,0.0,0.0,0.0,0.0,0.0,0.0,0.0,0.0,0.0,0.0,0.0,0.0,0.0,0.0,0.0,0.0,0.0,0.0,0.0,0.0,0.0,0.0,0.0,0.0,0.0,0.0,0.0,0.0,0.0,0.0,0.0,0.0,0.0,0.0,0.0,0.0,0.0,0.0,0.0,0.0,0.0,0.0,0.0,0.0,0.0,0.0,0.0,0.0,0.0,0.0,
Madagascar,Africa,0.0,0.0,0.0,0.0,0.0,0.0,0.0,0.0,0.0,0.0,0.0,0.0,0.0,0.0,0.0,0.0,0.0,0.0,0.0,0.0,0.0,0.0,0.0,0.0,0.0,0.0,0.0,0.0,0.0,0.0,0.0,0.0,0.0,0.0,0.0,0.0,0.0,0.0,0.0,0.0,0.0,0.0,0.0,0.0,0.0,0.0,0.0,0.0,0.0,0.0,0.0,0.0,0.0,0.0,0.0,0.0,0.0,0.0,https://public.flourish.studio/country-flags/svg/mg.svg
Malawi,Africa,0.0,0.0,0.0,0.0,0.0,0.0,0.0,0.0,0.0,0.0,0.0,0.0,0.0,0.0,0.0,0.0,0.0,0.0,0.0,0.0,0.0,0.0,0.0,0.0,0.0,0.0,0.0,0.0,0.0,0.0,0.0,0.0,0.0,0.0,0.0,0.0,0.0,0.0,0.0,0.0,0.0,0.0,0.0,0.0,0.0,0.0,0.0,0.0,0.0,0.0,0.0,0.0,0.0,0.0,0.0,0.0,0.0,0.0,https://public.flourish.studio/country-flags/svg/mw.svg
Malaysia,Asia,31.349999999999998,36.227,38.959,40.126,43.636,81.417,92.69899999999998,103.321,109.50200000000001,111.707,115.404,129.894,153.952,205.192,235.613,244.891,252.54899999999998,271.435,311.578,326.533,321.48199999999997,352.948,359.69100000000003,375.32500000000005,426.672,458.158,577.42,655.761,656.328,689.135,759.13,857.8879999999999,1006.223,964.524,1014.1949999999999,1177.5080000000003,1212.324,1284.157,1396.13,1507.483,1631.973,1647.556,1760.855,1815.2959999999998,1758.615,1822.472,1843.583,2013.786,2096.978,2110.0640000000003,2139.074,2222.7749999999996,2218.288,2257.724,2313.704,2207.563,2337.028,2468.022,https://public.flourish.studio/country-flags/svg/my.svg
Maldives,Asia,0.0,0.0,0.0,0.0,0.0,0.0,0.0,0.0,0.0,0.0,0.0,0.0,0.0,0.0,0.0,0.0,0.0,0.0,0.0,0.0,0.0,0.0,0.0,0.0,0.0,0.0,0.0,0.0,0.0,0.0,0.0,0.0,0.0,0.0,0.0,0.0,0.0,0.0,0.0,0.0,0.0,0.0,0.0,0.0,0.0,0.0,0.0,0.0,0.0,0.0,0.0,0.0,0.0,0.0,0.0,0.0,0.0,0.0,https://public.flourish.studio/country-flags/svg/mv.svg
Mali,Africa,0.0,0.0,0.0,0.0,0.0,0.0,0.0,0.0,0.0,0.0,0.0,0.0,0.0,0.0,0.0,0.0,0.0,0.0,0.0,0.0,0.0,0.0,0.0,0.0,0.0,0.0,0.0,0.0,0.0,0.0,0.0,0.0,0.0,0.0,0.0,0.0,0.0,0.0,0.0,0.0,0.0,0.0,0.0,0.0,0.0,0.0,0.0,0.0,0.0,0.0,0.0,0.0,0.0,0.0,0.0,0.0,0.0,0.0,https://public.flourish.studio/country-flags/svg/ml.svg
Malta,Europe,0.0,0.0,0.0,0.0,0.0,0.0,0.0,0.0,0.0,0.0,0.0,0.0,0.0,0.0,0.0,0.0,0.0,0.0,0.0,0.0,0.0,0.0,0.0,0.0,0.0,0.0,0.0,0.0,0.0,0.0,0.0,0.0,0.0,0.0,0.0,0.0,0.0,0.0,0.0,0.0,0.0,0.0,0.0,0.0,0.0,0.0,0.0,0.0,0.0,0.0,0.0,0.0,0.0,0.0,0.0,0.0,0.0,0.0,https://public.flourish.studio/country-flags/svg/mt.svg
Marshall Islands,Oceania,0.0,0.0,0.0,0.0,0.0,0.0,0.0,0.0,0.0,0.0,0.0,0.0,0.0,0.0,0.0,0.0,0.0,0.0,0.0,0.0,0.0,0.0,0.0,0.0,0.0,0.0,0.0,0.0,0.0,0.0,0.0,0.0,0.0,0.0,0.0,0.0,0.0,0.0,0.0,0.0,0.0,0.0,0.0,0.0,0.0,0.0,0.0,0.0,0.0,0.0,0.0,0.0,0.0,0.0,0.0,0.0,0.0,0.0,https://public.flourish.studio/country-flags/svg/mh.svg
Mauritania,Africa,0.0,0.0,0.0,0.0,0.0,0.0,0.0,0.0,0.0,0.0,0.0,0.0,0.0,0.0,0.0,0.0,0.0,0.0,0.0,0.0,0.0,0.0,0.0,0.0,0.0,0.0,0.0,0.0,0.0,0.0,0.0,0.0,0.0,0.0,0.0,0.0,0.0,0.0,0.0,0.0,0.0,0.0,0.0,0.0,0.0,0.0,0.0,0.0,0.0,0.0,0.0,0.0,0.0,0.0,0.0,0.0,0.0,0.0,https://public.flourish.studio/country-flags/svg/mr.svg
Mauritius,Africa,0.0,0.0,0.0,0.0,0.0,0.0,0.0,0.0,0.0,0.0,0.0,0.0,0.0,0.0,0.0,0.0,0.0,0.0,0.0,0.0,0.0,0.0,0.0,0.0,0.0,0.0,0.0,0.0,0.0,0.0,0.0,0.0,0.0,0.0,0.0,0.0,0.0,0.0,0.0,0.0,0.0,0.0,0.0,0.0,0.0,0.0,0.0,0.0,0.0,0.0,0.0,0.0,0.0,0.0,0.0,0.0,0.0,0.0,https://public.flourish.studio/country-flags/svg/mu.svg
Mexico,North America,534.234,561.328,567.944,614.764,677.572,719.324,763.481,847.309,915.208,1013.923,1098.439,1162.432,1220.5439999999999,1405.718,1551.8,1707.449,1853.103,1945.701,1935.0,2013.984,2091.362,2056.134,2134.674,2135.499,2241.072,2447.604,2524.0820000000003,2550.8559999999998,2547.793,2749.558,2630.542,2688.254,2776.366,2915.014,2909.067,3105.912,3105.179,3203.945,3267.2,3447.576,3773.598,3821.8280000000004,3876.821,3986.808,3982.0370000000003,3959.759,4135.116,4198.9400000000005,4202.575,4115.83,4086.5690000000004,4185.063,4255.23,4162.98,4112.73,3700.098,3942.808,4359.091,https://public.flourish.studio/country-flags/svg/mx.svg
Micronesia (country),Oceania,0.0,0.0,0.0,0.0,0.0,0.0,0.0,0.0,0.0,0.0,0.0,0.0,0.0,0.0,0.0,0.0,0.0,0.0,0.0,0.0,0.0,0.0,0.0,0.0,0.0,0.0,0.0,0.0,0.0,0.0,0.0,0.0,0.0,0.0,0.0,0.0,0.0,0.0,0.0,0.0,0.0,0.0,0.0,0.0,0.0,0.0,0.0,0.0,0.0,0.0,0.0,0.0,0.0,0.0,0.0,0.0,0.0,0.0,
Moldova,Europe,0.0,0.0,0.0,0.0,0.0,0.0,0.0,0.0,0.0,0.0,0.0,0.0,0.0,0.0,0.0,0.0,0.0,0.0,0.0,0.0,0.0,0.0,0.0,0.0,0.0,0.0,0.0,0.0,0.0,0.0,0.0,0.0,0.0,0.0,0.0,0.0,0.0,0.0,0.0,0.0,0.0,0.0,0.0,0.0,0.0,0.0,0.0,0.0,0.0,0.0,0.0,0.0,0.0,0.0,0.0,0.0,0.0,0.0,https://public.flourish.studio/country-flags/svg/md.svg
Monaco,Europe,0.0,0.0,0.0,0.0,0.0,0.0,0.0,0.0,0.0,0.0,0.0,0.0,0.0,0.0,0.0,0.0,0.0,0.0,0.0,0.0,0.0,0.0,0.0,0.0,0.0,0.0,0.0,0.0,0.0,0.0,0.0,0.0,0.0,0.0,0.0,0.0,0.0,0.0,0.0,0.0,0.0,0.0,0.0,0.0,0.0,0.0,0.0,0.0,0.0,0.0,0.0,0.0,0.0,0.0,0.0,0.0,0.0,0.0,https://public.flourish.studio/country-flags/svg/mc.svg
Mongolia,Asia,0.0,0.0,0.0,0.0,0.0,0.0,0.0,0.0,0.0,0.0,0.0,0.0,0.0,0.0,0.0,0.0,0.0,0.0,0.0,0.0,0.0,0.0,0.0,0.0,0.0,0.0,0.0,0.0,0.0,0.0,0.0,0.0,0.0,0.0,0.0,0.0,0.0,0.0,0.0,0.0,0.0,0.0,0.0,0.0,0.0,0.0,0.0,0.0,0.0,0.0,0.0,0.0,0.0,0.0,0.0,0.0,0.0,0.0,https://public.flourish.studio/country-flags/svg/mn.svg
Montenegro,Europe,0.0,0.0,0.0,0.0,0.0,0.0,0.0,0.0,0.0,0.0,0.0,0.0,0.0,0.0,0.0,0.0,0.0,0.0,0.0,0.0,0.0,0.0,0.0,0.0,0.0,0.0,0.0,0.0,0.0,0.0,0.0,0.0,0.0,0.0,0.0,0.0,0.0,0.0,0.0,0.0,0.0,0.0,0.0,0.0,0.0,0.0,0.0,0.0,0.0,0.0,0.0,0.0,0.0,0.0,0.0,0.0,0.0,0.0,https://public.flourish.studio/country-flags/svg/me.svg
Montserrat,North America,0.0,0.0,0.0,0.0,0.0,0.0,0.0,0.0,0.0,0.0,0.0,0.0,0.0,0.0,0.0,0.0,0.0,0.0,0.0,0.0,0.0,0.0,0.0,0.0,0.0,0.0,0.0,0.0,0.0,0.0,0.0,0.0,0.0,0.0,0.0,0.0,0.0,0.0,0.0,0.0,0.0,0.0,0.0,0.0,0.0,0.0,0.0,0.0,0.0,0.0,0.0,0.0,0.0,0.0,0.0,0.0,0.0,0.0,
Morocco,Africa,28.349,40.537000000000006,43.768,46.647999999999996,49.928,52.79,55.571,60.342,70.462,74.95400000000001,78.211,85.376,94.308,100.3,111.84899999999999,112.59100000000001,111.845,118.11699999999999,121.898,124.243,127.731,131.267,134.252,141.438,154.852,158.295,160.357,181.858,186.91199999999998,203.941,201.29000000000002,202.654,210.388,217.914,232.10500000000002,230.303,247.535,254.135,251.361,286.80899999999997,315.961,322.696,319.778,353.438,335.05,367.004,394.61,403.907,406.154,414.754,417.966,421.71299999999997,442.932,449.316,487.913,444.068,496.092,476.255,https://public.flourish.studio/country-flags/svg/ma.svg
Mozambique,Africa,0.0,0.0,0.0,0.0,0.0,0.0,0.0,0.0,0.0,0.0,0.0,0.0,0.0,0.0,0.0,0.0,0.0,0.0,0.0,0.0,0.0,0.0,0.0,0.0,0.0,0.0,0.0,0.0,0.0,0.0,0.0,0.0,0.0,0.0,0.0,0.0,0.0,0.0,0.0,0.0,0.0,0.0,0.0,0.0,0.0,0.0,0.0,0.0,0.0,0.0,0.0,0.0,0.0,0.0,0.0,0.0,0.0,0.0,https://public.flourish.studio/country-flags/svg/mz.svg
Myanmar,Asia,0.0,0.0,0.0,0.0,0.0,0.0,0.0,0.0,0.0,0.0,0.0,0.0,0.0,0.0,0.0,0.0,0.0,0.0,0.0,0.0,0.0,0.0,0.0,0.0,0.0,0.0,0.0,0.0,0.0,0.0,0.0,0.0,0.0,0.0,0.0,0.0,0.0,0.0,0.0,0.0,0.0,0.0,0.0,0.0,0.0,0.0,0.0,0.0,0.0,0.0,0.0,0.0,0.0,0.0,0.0,0.0,0.0,0.0,https://public.flourish.studio/country-flags/svg/mm.svg
Namibia,Africa,0.0,0.0,0.0,0.0,0.0,0.0,0.0,0.0,0.0,0.0,0.0,0.0,0.0,0.0,0.0,0.0,0.0,0.0,0.0,0.0,0.0,0.0,0.0,0.0,0.0,0.0,0.0,0.0,0.0,0.0,0.0,0.0,0.0,0.0,0.0,0.0,0.0,0.0,0.0,0.0,0.0,0.0,0.0,0.0,0.0,0.0,0.0,0.0,0.0,0.0,0.0,0.0,0.0,0.0,0.0,0.0,0.0,0.0,https://public.flourish.studio/country-flags/svg/na.svg
Nauru,Oceania,0.0,0.0,0.0,0.0,0.0,0.0,0.0,0.0,0.0,0.0,0.0,0.0,0.0,0.0,0.0,0.0,0.0,0.0,0.0,0.0,0.0,0.0,0.0,0.0,0.0,0.0,0.0,0.0,0.0,0.0,0.0,0.0,0.0,0.0,0.0,0.0,0.0,0.0,0.0,0.0,0.0,0.0,0.0,0.0,0.0,0.0,0.0,0.0,0.0,0.0,0.0,0.0,0.0,0.0,0.0,0.0,0.0,0.0,https://public.flourish.studio/country-flags/svg/nr.svg
Nepal,Asia,0.0,0.0,0.0,0.0,0.0,0.0,0.0,0.0,0.0,0.0,0.0,0.0,0.0,0.0,0.0,0.0,0.0,0.0,0.0,0.0,0.0,0.0,0.0,0.0,0.0,0.0,0.0,0.0,0.0,0.0,0.0,0.0,0.0,0.0,0.0,0.0,0.0,0.0,0.0,0.0,0.0,0.0,0.0,0.0,0.0,0.0,0.0,0.0,0.0,0.0,0.0,0.0,0.0,0.0,0.0,0.0,0.0,0.0,https://public.flourish.studio/country-flags/svg/np.svg
Netherlands,Europe,827.9209999999999,886.754,937.601,1048.628,1167.786,1317.507,1389.246,1614.426,1713.076,1613.317,1621.639,1767.305,1736.038,1767.589,1830.884,1714.017,1626.5140000000001,1505.024,1514.291,1573.57,1620.736,1699.8,1738.188,1742.4479999999999,1748.006,1796.485,1831.31,1850.284,1864.439,1843.11,1918.228,1999.1419999999998,1971.329,1975.645,1950.032,1972.754,2048.048,2045.38,2059.2830000000004,2123.62,2156.291,2109.756,2138.708,2102.5299999999997,2061.766,2246.726,2126.582,2087.758,2031.118,1934.417,1961.03,1976.768,1979.998,1915.9720000000002,1880.8790000000001,1756.175,1768.383,1663.55,https://public.flourish.studio/country-flags/svg/nl.svg
New Caledonia,Oceania,0.0,0.0,0.0,0.0,0.0,0.0,0.0,0.0,0.0,0.0,0.0,0.0,0.0,0.0,0.0,0.0,0.0,0.0,0.0,0.0,0.0,0.0,0.0,0.0,0.0,0.0,0.0,0.0,0.0,0.0,0.0,0.0,0.0,0.0,0.0,0.0,0.0,0.0,0.0,0.0,0.0,0.0,0.0,0.0,0.0,0.0,0.0,0.0,0.0,0.0,0.0,0.0,0.0,0.0,0.0,0.0,0.0,0.0,https://public.flourish.studio/country-flags/svg/nc.svg
New Zealand,Oceania,51.767,54.741,54.943,54.987,56.903000000000006,129.45999999999998,129.349,139.06900000000002,149.61700000000002,147.2,142.24099999999999,157.899,168.35500000000002,160.012,147.836,142.368,141.462,158.358,160.654,173.32600000000002,180.31400000000002,189.75,194.44400000000002,202.27,209.89,218.402,226.659,238.252,234.68200000000002,243.408,249.177,263.76,280.555,266.838,283.354,292.071,306.328,305.168,299.59000000000003,290.976,298.885,299.932,296.12800000000004,301.47,284.722,287.778,285.164,299.856,301.93100000000004,313.032,312.018,311.148,327.22,320.341,334.144,292.577,281.942,265.321,https://public.flourish.studio/country-flags/svg/nz.svg
Nicaragua,North America,0.0,0.0,0.0,0.0,0.0,0.0,0.0,0.0,0.0,0.0,0.0,0.0,0.0,0.0,0.0,0.0,0.0,0.0,0.0,0.0,0.0,0.0,0.0,0.0,0.0,0.0,0.0,0.0,0.0,0.0,0.0,0.0,0.0,0.0,0.0,0.0,0.0,0.0,0.0,0.0,0.0,0.0,0.0,0.0,0.0,0.0,0.0,0.0,0.0,0.0,0.0,0.0,0.0,0.0,0.0,0.0,0.0,0.0,https://public.flourish.studio/country-flags/svg/ni.svg
Niger,Africa,0.0,0.0,0.0,0.0,0.0,0.0,0.0,0.0,0.0,0.0,0.0,0.0,0.0,0.0,0.0,0.0,0.0,0.0,0.0,0.0,0.0,0.0,0.0,0.0,0.0,0.0,0.0,0.0,0.0,0.0,0.0,0.0,0.0,0.0,0.0,0.0,0.0,0.0,0.0,0.0,0.0,0.0,0.0,0.0,0.0,0.0,0.0,0.0,0.0,0.0,0.0,0.0,0.0,0.0,0.0,0.0,0.0,0.0,https://public.flourish.studio/country-flags/svg/ne.svg
Nigeria,Africa,0.0,0.0,0.0,0.0,0.0,0.0,0.0,0.0,0.0,0.0,0.0,0.0,0.0,0.0,0.0,0.0,0.0,0.0,0.0,0.0,0.0,0.0,0.0,0.0,0.0,0.0,0.0,0.0,0.0,0.0,0.0,0.0,0.0,0.0,0.0,0.0,0.0,0.0,0.0,0.0,0.0,0.0,0.0,0.0,0.0,0.0,0.0,0.0,0.0,0.0,0.0,0.0,0.0,0.0,0.0,0.0,0.0,0.0,https://public.flourish.studio/country-flags/svg/ng.svg
Niue,Oceania,0.0,0.0,0.0,0.0,0.0,0.0,0.0,0.0,0.0,0.0,0.0,0.0,0.0,0.0,0.0,0.0,0.0,0.0,0.0,0.0,0.0,0.0,0.0,0.0,0.0,0.0,0.0,0.0,0.0,0.0,0.0,0.0,0.0,0.0,0.0,0.0,0.0,0.0,0.0,0.0,0.0,0.0,0.0,0.0,0.0,0.0,0.0,0.0,0.0,0.0,0.0,0.0,0.0,0.0,0.0,0.0,0.0,0.0,
North Korea,Asia,0.0,0.0,0.0,0.0,0.0,0.0,0.0,0.0,0.0,0.0,0.0,0.0,0.0,0.0,0.0,0.0,0.0,0.0,0.0,0.0,0.0,0.0,0.0,0.0,0.0,0.0,0.0,0.0,0.0,0.0,0.0,0.0,0.0,0.0,0.0,0.0,0.0,0.0,0.0,0.0,0.0,0.0,0.0,0.0,0.0,0.0,0.0,0.0,0.0,0.0,0.0,0.0,0.0,0.0,0.0,0.0,0.0,0.0,
North Macedonia,Europe,0.0,0.0,0.0,0.0,0.0,0.0,0.0,0.0,0.0,0.0,0.0,0.0,0.0,0.0,0.0,0.0,0.0,0.0,0.0,0.0,0.0,0.0,0.0,0.0,0.0,28.208,26.94,27.729,28.736,26.387,26.281999999999996,30.767000000000003,54.704,61.443,56.794,54.776,54.372,52.304,55.980999999999995,54.612,56.772,57.013,60.238,59.114,55.762,54.790000000000006,60.211,57.525000000000006,51.742999999999995,48.922,48.012,50.076,51.908,48.34,54.964,46.328,47.958,50.116,
Norway,Europe,69.194,76.25899999999999,79.071,87.141,95.92099999999999,106.964,105.349,110.70200000000001,113.078,105.05499999999999,107.735,117.539,236.807,266.406,271.861,263.317,251.324,243.918,244.49099999999999,254.125,265.368,280.589,281.812,276.244,279.976,272.98699999999997,260.918,270.68899999999996,286.168,296.972,297.01,317.248,330.558,334.542,327.504,320.466,340.385,335.234,348.837,351.14,339.426,341.62300000000005,338.49699999999996,338.06899999999996,333.628,342.876,339.28600000000006,333.068,339.524,334.916,338.14099999999996,327.80899999999997,331.845,334.472,328.80600000000004,314.412,315.308,298.882,https://public.flourish.studio/country-flags/svg/no.svg
Oman,Asia,0.097,0.122,0.541,0.652,0.929,0.936,15.472,17.677,15.376,14.128,12.905,14.856,14.312,16.642,19.173000000000002,17.059,18.028,19.465,22.427,27.808999999999997,32.89,35.46,36.959,37.969,39.736000000000004,46.578,60.794,60.287,58.153999999999996,108.962,127.64500000000001,130.95,134.93200000000002,138.36,157.242,221.848,246.31900000000002,265.998,275.922,256.35,310.022,340.544,345.128,401.568,398.395,473.86199999999997,519.366,566.606,634.963,631.5889999999999,673.549,675.454,706.672,751.402,746.1669999999999,716.548,783.01,822.362,https://public.flourish.studio/country-flags/svg/om.svg
Pakistan,Asia,151.46,152.692,168.04399999999998,189.758,189.739,188.627,169.641,154.16899999999998,164.11599999999999,179.07,185.139,186.55599999999998,199.898,208.699,228.658,256.486,276.91999999999996,304.068,319.216,339.15099999999995,357.097,385.84400000000005,420.20799999999997,448.506,480.652,507.569,536.893,558.97,620.606,648.1179999999999,683.876,726.347,734.118,762.892,819.8140000000001,852.386,865.496,892.2719999999999,959.934,1074.805,1103.211,1176.6799999999998,1257.091,1292.9180000000001,1300.9679999999998,1302.426,1290.712,1301.9850000000001,1307.948,1349.18,1427.131,1554.953,1660.02,1713.722,1703.834,1674.134,1865.6060000000002,1672.2599999999998,https://public.flourish.studio/country-flags/svg/pk.svg
Palau,Oceania,0.0,0.0,0.0,0.0,0.0,0.0,0.0,0.0,0.0,0.0,0.0,0.0,0.0,0.0,0.0,0.0,0.0,0.0,0.0,0.0,0.0,0.0,0.0,0.0,0.0,0.0,0.0,0.0,0.0,0.0,0.0,0.0,0.0,0.0,0.0,0.0,0.0,0.0,0.0,0.0,0.0,0.0,0.0,0.0,0.0,0.0,0.0,0.0,0.0,0.0,0.0,0.0,0.0,0.0,0.0,0.0,0.0,0.0,https://public.flourish.studio/country-flags/svg/pw.svg
Palestine,Asia,0.0,0.0,0.0,0.0,0.0,0.0,0.0,0.0,0.0,0.0,0.0,0.0,0.0,0.0,0.0,0.0,0.0,0.0,0.0,0.0,0.0,0.0,0.0,0.0,0.0,0.0,0.0,0.0,0.0,0.0,0.0,0.0,0.0,0.0,0.0,0.0,0.0,0.0,0.0,0.0,0.0,0.0,0.0,0.0,0.0,0.0,0.0,0.0,0.0,0.0,0.0,0.0,0.0,0.0,0.0,0.0,0.0,0.0,
Panama,North America,0.0,0.0,0.0,0.0,0.0,0.0,0.0,0.0,0.0,0.0,0.0,0.0,0.0,0.0,0.0,0.0,0.0,0.0,0.0,0.0,0.0,0.0,0.0,0.0,0.0,0.0,0.0,0.0,0.0,0.0,0.0,0.0,0.0,0.0,0.0,0.0,0.0,0.0,0.0,0.0,0.0,0.0,0.0,0.0,0.0,0.0,0.0,0.0,0.0,0.0,0.0,0.0,0.0,0.0,0.0,0.0,0.0,0.0,https://public.flourish.studio/country-flags/svg/pa.svg
Papua New Guinea,Oceania,0.0,0.0,0.0,0.0,0.0,0.0,0.0,0.0,0.0,0.0,0.0,0.0,0.0,0.0,0.0,0.0,0.0,0.0,0.0,0.0,0.0,0.0,0.0,0.0,0.0,0.0,0.0,0.0,0.0,0.0,0.0,0.0,0.0,0.0,0.0,0.0,0.0,0.0,0.0,0.0,0.0,0.0,0.0,0.0,0.0,0.0,0.0,0.0,0.0,0.0,0.0,0.0,0.0,0.0,0.0,0.0,0.0,0.0,https://public.flourish.studio/country-flags/svg/pg.svg
Paraguay,South America,0.0,0.0,0.0,0.0,0.0,0.0,0.0,0.0,0.0,0.0,0.0,0.0,0.0,0.0,0.0,0.0,0.0,0.0,0.0,0.0,0.0,0.0,0.0,0.0,0.0,0.0,0.0,0.0,0.0,0.0,0.0,0.0,0.0,0.0,0.0,0.0,0.0,0.0,0.0,0.0,0.0,0.0,0.0,0.0,0.0,0.0,0.0,0.0,0.0,0.0,0.0,0.0,0.0,0.0,0.0,0.0,0.0,0.0,https://public.flourish.studio/country-flags/svg/py.svg
Peru,South America,94.49000000000001,117.57,118.0,119.154,118.394,123.768,124.838,108.214,124.31,144.742,153.304,155.25599999999997,155.451,154.246,158.93,171.702,176.859,175.558,148.966,156.212,148.59,160.49,176.07,171.87400000000002,152.845,151.252,143.486,148.56,155.432,169.477,189.225,195.202,190.4,195.619,198.383,198.04,187.606,192.301,186.233,212.572,222.125,215.631,245.476,277.04200000000003,279.062,330.428,369.019,380.44,388.153,398.727,417.091,450.58799999999997,432.297,449.41200000000003,462.257,369.485,438.506,484.837,https://public.flourish.studio/country-flags/svg/pe.svg
Philippines,Asia,50.202999999999996,54.695,61.514,69.99000000000001,75.05,85.30499999999999,98.958,97.119,113.934,106.623,115.263,118.523,130.40099999999998,134.285,138.322,130.07199999999997,123.561,119.336,127.25500000000001,108.655,101.427,103.213,118.838,130.161,141.511,152.77,153.097,168.77800000000002,186.356,382.212,445.416,475.379,527.7560000000001,522.071,503.852,503.004,500.84000000000003,505.904,523.1659999999999,531.858,538.042,496.26700000000005,527.924,539.252,548.518,580.28,583.058,601.1510000000001,656.701,697.644,768.7370000000001,844.644,931.7919999999999,960.64,999.54,901.383,954.6959999999999,1024.509,https://public.flourish.studio/country-flags/svg/ph.svg
Poland,Europe,1546.6419999999998,1576.815,1622.659,1746.4900000000002,1866.8049999999998,1964.9920000000002,2028.364,2139.768,2180.094,2248.462,2427.423,2560.146,2667.566,2801.514,2844.285,2975.785,2682.59,2735.273,2746.532,2857.303,2919.398,3004.01,3102.214,3042.6059999999998,2928.873,2411.928,2359.371,2255.1720000000005,2254.506,2155.786,2205.8509999999997,2315.63,2292.3940000000002,2193.3149999999996,2151.443,2021.153,2004.3360000000002,1982.771,2054.442,2063.878,2104.52,2206.0699999999997,2192.828,2216.585,2120.177,2251.798,2251.0280000000002,2159.352,2165.807,2068.542,2078.66,2180.92,2262.486,2296.553,2203.886,2092.115,2258.256,2172.075,https://public.flourish.studio/country-flags/svg/pl.svg
Portugal,Europe,37.415,38.318,41.514,43.329,44.8,59.126,65.95,70.714,79.425,82.761,86.12,89.841,88.50699999999999,92.33,98.629,104.083,110.628,115.268,116.691,117.56200000000001,117.26599999999999,132.326,134.137,142.785,176.149,169.173,176.616,191.543,186.00300000000001,187.27599999999998,215.216,407.75300000000004,424.166,470.86,515.982,509.95,502.179,533.228,503.24,523.11,545.716,497.764,498.222,486.629,469.41900000000004,443.029,439.399,416.201,413.72900000000004,415.012,439.9920000000001,440.602,474.3,449.84299999999996,431.33899999999994,362.64,355.19100000000003,366.16,https://public.flourish.studio/country-flags/svg/pt.svg
Puerto Rico,North America,0.0,0.0,0.0,0.0,0.0,0.0,0.0,0.0,0.0,0.0,0.0,0.0,0.0,0.0,0.0,0.0,0.0,0.0,0.0,0.0,0.0,0.0,0.0,0.0,0.0,0.0,0.0,0.0,0.0,0.0,0.0,0.0,0.0,0.0,0.0,0.0,0.0,0.0,0.0,0.0,0.0,0.0,0.0,0.0,0.0,0.0,0.0,0.0,0.0,0.0,0.0,0.0,0.0,0.0,0.0,0.0,0.0,0.0,https://public.flourish.studio/country-flags/svg/pr.svg
Qatar,Asia,1.411,1.4209999999999998,2.036,6.44,10.118,11.526,11.481,12.701,18.021,15.712,23.445,15.06,20.983,20.128999999999998,50.366,53.369,51.059000000000005,59.333000000000006,61.854,70.41,66.11,72.071,69.85300000000001,73.54,77.74600000000001,78.838,90.812,144.286,154.293,156.527,155.99099999999999,114.897,125.36800000000001,134.988,150.268,134.19899999999998,128.971,142.028,162.936,196.87,445.722,234.273,255.35,283.082,287.01300000000003,333.86699999999996,390.36199999999997,885.37,961.008,1038.071,1183.659,1157.91,1121.203,1120.017,1167.137,1015.334,1071.274,1043.907,https://public.flourish.studio/country-flags/svg/qa.svg
Romania,Europe,551.4970000000001,588.4190000000001,654.7370000000001,696.722,798.512,847.623,890.548,923.126,1007.014,1008.865,1099.66,1196.741,1264.614,1358.7359999999999,1382.575,1388.9569999999999,1391.848,1384.443,1385.043,1367.015,1354.624,1396.2359999999999,1447.944,1454.885,1464.0629999999999,1402.9340000000002,1162.616,1032.142,994.9280000000001,932.548,1010.883,1001.7629999999999,912.388,815.8520000000001,704.676,722.3040000000001,731.8240000000001,758.04,778.2570000000001,788.772,770.304,799.9970000000001,769.06,745.054,637.0699999999999,620.51,660.646,639.496,559.741,561.024,559.454,556.48,583.0409999999999,589.1859999999999,578.569,541.0350000000001,569.9490000000001,535.296,https://public.flourish.studio/country-flags/svg/ro.svg
Russia,Europe,0.0,0.0,0.0,0.0,0.0,0.0,0.0,0.0,0.0,0.0,0.0,0.0,0.0,0.0,0.0,0.0,0.0,0.0,0.0,0.0,17602.034,17879.926,18416.375,18719.351,18793.318,18493.591,18201.875999999997,17433.259000000002,16130.772,14680.927,13796.494,13294.754,12474.876,12469.588,12531.94,12715.552,12862.036,12855.804,13155.101,13212.838,13195.464,13830.63,13884.166,14020.96,13191.922,13794.28,14342.99,14423.509,14172.824,14231.497,13940.923999999999,14180.253,14252.254,14826.395,14661.324,13922.101999999999,15215.846,13855.014,https://public.flourish.studio/country-flags/svg/ru.svg
Rwanda,Africa,0.0,0.0,0.0,0.0,0.0,0.0,0.0,0.0,0.0,0.0,0.0,0.0,0.0,0.0,0.0,0.0,0.0,0.0,0.0,0.0,0.0,0.0,0.0,0.0,0.0,0.0,0.0,0.0,0.0,0.0,0.0,0.0,0.0,0.0,0.0,0.0,0.0,0.0,0.0,0.0,0.0,0.0,0.0,0.0,0.0,0.0,0.0,0.0,0.0,0.0,0.0,0.0,0.0,0.0,0.0,0.0,0.0,0.0,https://public.flourish.studio/country-flags/svg/rw.svg
S. Korea,Asia,72.717,87.854,101.46600000000001,116.771,140.108,163.856,177.28699999999998,183.808,228.54000000000002,235.934,260.621,291.842,337.32800000000003,370.765,425.418,438.48699999999997,459.437,459.758,484.822,525.3430000000001,567.2360000000001,1221.881,1306.414,1494.0819999999999,1598.116,1804.234,2071.042,2380.291,2627.206,2869.212,3115.559,3444.4170000000004,3807.6189999999997,3362.745,3637.03,3849.1059999999998,3953.6499999999996,4124.846,4215.129,4332.625,4424.4710000000005,4504.813,4697.629999999999,4748.702,4799.110000000001,5242.646,5489.29,5592.145,5666.263999999999,5622.773999999999,5686.98,5887.5779999999995,6008.733,6170.976000000001,6005.397999999999,5642.415,5934.097,5874.52,https://public.flourish.studio/country-flags/svg/kr.svg
Saint Helena,Africa,0.0,0.0,0.0,0.0,0.0,0.0,0.0,0.0,0.0,0.0,0.0,0.0,0.0,0.0,0.0,0.0,0.0,0.0,0.0,0.0,0.0,0.0,0.0,0.0,0.0,0.0,0.0,0.0,0.0,0.0,0.0,0.0,0.0,0.0,0.0,0.0,0.0,0.0,0.0,0.0,0.0,0.0,0.0,0.0,0.0,0.0,0.0,0.0,0.0,0.0,0.0,0.0,0.0,0.0,0.0,0.0,0.0,0.0,
Saint Kitts and Nevis,North America,0.0,0.0,0.0,0.0,0.0,0.0,0.0,0.0,0.0,0.0,0.0,0.0,0.0,0.0,0.0,0.0,0.0,0.0,0.0,0.0,0.0,0.0,0.0,0.0,0.0,0.0,0.0,0.0,0.0,0.0,0.0,0.0,0.0,0.0,0.0,0.0,0.0,0.0,0.0,0.0,0.0,0.0,0.0,0.0,0.0,0.0,0.0,0.0,0.0,0.0,0.0,0.0,0.0,0.0,0.0,0.0,0.0,0.0,
Saint Lucia,North America,0.0,0.0,0.0,0.0,0.0,0.0,0.0,0.0,0.0,0.0,0.0,0.0,0.0,0.0,0.0,0.0,0.0,0.0,0.0,0.0,0.0,0.0,0.0,0.0,0.0,0.0,0.0,0.0,0.0,0.0,0.0,0.0,0.0,0.0,0.0,0.0,0.0,0.0,0.0,0.0,0.0,0.0,0.0,0.0,0.0,0.0,0.0,0.0,0.0,0.0,0.0,0.0,0.0,0.0,0.0,0.0,0.0,0.0,
Saint Pierre and Miquelon,North America,0.0,0.0,0.0,0.0,0.0,0.0,0.0,0.0,0.0,0.0,0.0,0.0,0.0,0.0,0.0,0.0,0.0,0.0,0.0,0.0,0.0,0.0,0.0,0.0,0.0,0.0,0.0,0.0,0.0,0.0,0.0,0.0,0.0,0.0,0.0,0.0,0.0,0.0,0.0,0.0,0.0,0.0,0.0,0.0,0.0,0.0,0.0,0.0,0.0,0.0,0.0,0.0,0.0,0.0,0.0,0.0,0.0,0.0,
Saint Vincent and the Grenadines,North America,0.0,0.0,0.0,0.0,0.0,0.0,0.0,0.0,0.0,0.0,0.0,0.0,0.0,0.0,0.0,0.0,0.0,0.0,0.0,0.0,0.0,0.0,0.0,0.0,0.0,0.0,0.0,0.0,0.0,0.0,0.0,0.0,0.0,0.0,0.0,0.0,0.0,0.0,0.0,0.0,0.0,0.0,0.0,0.0,0.0,0.0,0.0,0.0,0.0,0.0,0.0,0.0,0.0,0.0,0.0,0.0,0.0,0.0,
Samoa,Oceania,0.0,0.0,0.0,0.0,0.0,0.0,0.0,0.0,0.0,0.0,0.0,0.0,0.0,0.0,0.0,0.0,0.0,0.0,0.0,0.0,0.0,0.0,0.0,0.0,0.0,0.0,0.0,0.0,0.0,0.0,0.0,0.0,0.0,0.0,0.0,0.0,0.0,0.0,0.0,0.0,0.0,0.0,0.0,0.0,0.0,0.0,0.0,0.0,0.0,0.0,0.0,0.0,0.0,0.0,0.0,0.0,0.0,0.0,https://public.flourish.studio/country-flags/svg/ws.svg
San Marino,Europe,0.0,0.0,0.0,0.0,0.0,0.0,0.0,0.0,0.0,0.0,0.0,0.0,0.0,0.0,0.0,0.0,0.0,0.0,0.0,0.0,0.0,0.0,0.0,0.0,0.0,0.0,0.0,0.0,0.0,0.0,0.0,0.0,0.0,0.0,0.0,0.0,0.0,0.0,0.0,0.0,0.0,0.0,0.0,0.0,0.0,0.0,0.0,0.0,0.0,0.0,0.0,0.0,0.0,0.0,0.0,0.0,0.0,0.0,https://public.flourish.studio/country-flags/svg/sm.svg
Sao Tome and Principe,Africa,0.0,0.0,0.0,0.0,0.0,0.0,0.0,0.0,0.0,0.0,0.0,0.0,0.0,0.0,0.0,0.0,0.0,0.0,0.0,0.0,0.0,0.0,0.0,0.0,0.0,0.0,0.0,0.0,0.0,0.0,0.0,0.0,0.0,0.0,0.0,0.0,0.0,0.0,0.0,0.0,0.0,0.0,0.0,0.0,0.0,0.0,0.0,0.0,0.0,0.0,0.0,0.0,0.0,0.0,0.0,0.0,0.0,0.0,https://public.flourish.studio/country-flags/svg/st.svg
Saudi Arabia,Asia,470.28,476.644,483.53,491.036,499.326,525.71,526.544,564.338,602.0,638.7080000000001,506.522,585.588,691.525,770.671,933.6859999999999,839.832,1002.474,1103.705,1195.964,1430.596,1459.468,1569.318,1663.476,1740.5500000000002,1713.0900000000001,1856.674,1944.904,1963.512,2005.7,2319.16,2260.012,2337.1059999999998,2380.498,2505.154,2550.8599999999997,2669.76,2844.665,2962.766,3138.382,3404.896,3622.212,3800.341,3888.114,4256.924,4410.272,4902.1900000000005,5114.552,5428.28,5462.209,5863.186,6113.003000000001,6359.442,6363.267,6202.485000000001,5945.454,5780.736,5970.717000000001,6382.273999999999,https://public.flourish.studio/country-flags/svg/sa.svg
Senegal,Africa,0.0,0.0,0.0,0.0,0.0,0.0,0.0,0.0,0.0,0.0,0.0,0.0,0.0,0.0,0.0,0.0,0.0,0.0,0.0,0.0,0.0,0.0,0.0,0.0,0.0,0.0,0.0,0.0,0.0,0.0,0.0,0.0,0.0,0.0,0.0,0.0,0.0,0.0,0.0,0.0,0.0,0.0,0.0,0.0,0.0,0.0,0.0,0.0,0.0,0.0,0.0,0.0,0.0,0.0,0.0,0.0,0.0,0.0,https://public.flourish.studio/country-flags/svg/sn.svg
Serbia,Europe,0.0,0.0,0.0,0.0,0.0,0.0,0.0,0.0,0.0,0.0,0.0,0.0,0.0,0.0,0.0,0.0,0.0,0.0,0.0,0.0,0.0,0.0,0.0,0.0,0.0,0.0,0.0,0.0,0.0,0.0,0.0,0.0,0.0,0.0,0.0,0.0,0.0,0.0,0.0,0.0,0.0,0.0,0.0,0.0,0.0,0.0,0.0,0.0,0.0,0.0,0.0,0.0,0.0,0.0,0.0,0.0,0.0,0.0,https://public.flourish.studio/country-flags/svg/rs.svg
Seychelles,Africa,0.0,0.0,0.0,0.0,0.0,0.0,0.0,0.0,0.0,0.0,0.0,0.0,0.0,0.0,0.0,0.0,0.0,0.0,0.0,0.0,0.0,0.0,0.0,0.0,0.0,0.0,0.0,0.0,0.0,0.0,0.0,0.0,0.0,0.0,0.0,0.0,0.0,0.0,0.0,0.0,0.0,0.0,0.0,0.0,0.0,0.0,0.0,0.0,0.0,0.0,0.0,0.0,0.0,0.0,0.0,0.0,0.0,0.0,https://public.flourish.studio/country-flags/svg/sc.svg
Sierra Leone,Africa,0.0,0.0,0.0,0.0,0.0,0.0,0.0,0.0,0.0,0.0,0.0,0.0,0.0,0.0,0.0,0.0,0.0,0.0,0.0,0.0,0.0,0.0,0.0,0.0,0.0,0.0,0.0,0.0,0.0,0.0,0.0,0.0,0.0,0.0,0.0,0.0,0.0,0.0,0.0,0.0,0.0,0.0,0.0,0.0,0.0,0.0,0.0,0.0,0.0,0.0,0.0,0.0,0.0,0.0,0.0,0.0,0.0,0.0,https://public.flourish.studio/country-flags/svg/sl.svg
Singapore,Asia,47.888,54.744,65.756,81.735,80.319,87.205,75.69800000000001,94.788,89.326,88.059,85.986,101.992,102.374,105.374,112.333,111.572,128.36,124.894,132.312,139.102,141.894,164.48499999999999,172.965,200.158,228.26600000000002,272.83200000000005,277.533,595.611,650.86,744.6020000000001,776.318,783.39,824.038,835.454,827.088,884.464,998.421,961.46,905.388,1015.54,1070.527,1178.936,1267.662,1351.96,1453.2800000000002,1542.865,1601.216,1604.565,1620.408,1651.704,1751.3580000000002,1847.911,1894.392,1896.0839999999998,1855.6240000000003,1817.3490000000002,1815.1,1747.982,https://public.flourish.studio/country-flags/svg/sg.svg
Sint Maarten (Dutch part),North America,0.0,0.0,0.0,0.0,0.0,0.0,0.0,0.0,0.0,0.0,0.0,0.0,0.0,0.0,0.0,0.0,0.0,0.0,0.0,0.0,0.0,0.0,0.0,0.0,0.0,0.0,0.0,0.0,0.0,0.0,0.0,0.0,0.0,0.0,0.0,0.0,0.0,0.0,0.0,0.0,0.0,0.0,0.0,0.0,0.0,0.0,0.0,0.0,0.0,0.0,0.0,0.0,0.0,0.0,0.0,0.0,0.0,0.0,https://public.flourish.studio/country-flags/svg/sx.svg
Slovakia,Europe,200.526,208.57,211.53300000000002,235.464,248.522,271.836,295.11199999999997,310.372,323.297,333.972,353.269,365.42599999999993,384.39099999999996,405.43399999999997,407.656,399.08500000000004,393.929,386.686,385.544,414.316,413.57099999999997,398.793,409.15099999999995,412.847,414.75800000000004,417.284,369.71500000000003,353.32,334.265,316.45500000000004,325.73299999999995,333.568,327.76800000000003,329.14599999999996,321.68899999999996,315.598,322.076,320.5,319.468,312.11199999999997,328.092,313.451,300.42,306.61699999999996,279.34799999999996,297.6,282.828,265.196,269.098,243.376,250.041,253.029,272.197,271.347,251.937,242.942,270.144,263.54099999999994,
Slovenia,Europe,0.0,0.0,0.0,0.0,0.0,0.0,0.0,0.0,0.0,0.0,0.0,0.0,0.0,0.0,0.0,0.0,0.0,0.0,0.0,0.0,0.0,0.0,0.0,0.0,0.0,94.77799999999999,89.378,86.983,92.916,95.642,102.642,108.733,113.102,111.426,109.695,107.113,111.98299999999999,112.59199999999998,113.51400000000001,115.79599999999999,117.516,120.441,120.572,128.436,113.962,115.582,112.911,109.258,104.57900000000001,95.752,96.05199999999999,102.783,105.005,105.93299999999999,101.656,90.935,93.451,95.089,https://public.flourish.studio/country-flags/svg/si.svg
Solomon Islands,Oceania,0.0,0.0,0.0,0.0,0.0,0.0,0.0,0.0,0.0,0.0,0.0,0.0,0.0,0.0,0.0,0.0,0.0,0.0,0.0,0.0,0.0,0.0,0.0,0.0,0.0,0.0,0.0,0.0,0.0,0.0,0.0,0.0,0.0,0.0,0.0,0.0,0.0,0.0,0.0,0.0,0.0,0.0,0.0,0.0,0.0,0.0,0.0,0.0,0.0,0.0,0.0,0.0,0.0,0.0,0.0,0.0,0.0,0.0,https://public.flourish.studio/country-flags/svg/sb.svg
Somalia,Africa,0.0,0.0,0.0,0.0,0.0,0.0,0.0,0.0,0.0,0.0,0.0,0.0,0.0,0.0,0.0,0.0,0.0,0.0,0.0,0.0,0.0,0.0,0.0,0.0,0.0,0.0,0.0,0.0,0.0,0.0,0.0,0.0,0.0,0.0,0.0,0.0,0.0,0.0,0.0,0.0,0.0,0.0,0.0,0.0,0.0,0.0,0.0,0.0,0.0,0.0,0.0,0.0,0.0,0.0,0.0,0.0,0.0,0.0,https://public.flourish.studio/country-flags/svg/so.svg
South Africa,Africa,708.238,712.645,742.156,783.274,806.505,842.808,907.3900000000001,933.126,1003.384,1031.495,1100.192,1144.109,1172.023,1160.7359999999999,1203.431,1285.862,1494.077,1611.422,1635.388,1765.4569999999999,1795.2599999999998,1803.846,1848.341,2006.351,1912.1399999999999,2005.417,1980.895,1996.92,2008.48,2077.236,2167.77,2204.518,2246.01,2201.958,2289.0879999999997,2287.319,2309.76,2238.92,2436.829,2662.284,2526.076,2577.974,2642.268,2837.87,2825.911,2844.008,2800.491,2767.1000000000004,2772.5460000000003,2794.758,2731.556,2836.92,2809.104,2710.272,2827.843,2646.352,2620.587,2523.062,https://public.flourish.studio/country-flags/svg/za.svg
South Sudan,Africa,0.0,0.0,0.0,0.0,0.0,0.0,0.0,0.0,0.0,0.0,0.0,0.0,0.0,0.0,0.0,0.0,0.0,0.0,0.0,0.0,0.0,0.0,0.0,0.0,0.0,0.0,0.0,0.0,0.0,0.0,0.0,0.0,0.0,0.0,0.0,0.0,0.0,0.0,0.0,0.0,0.0,0.0,0.0,0.0,0.0,0.0,0.0,0.0,0.0,0.0,0.0,0.0,0.0,0.0,0.0,0.0,0.0,0.0,https://public.flourish.studio/country-flags/svg/ss.svg
Spain,Europe,279.192,301.201,344.546,360.669,794.726,887.74,961.592,1022.011,1169.99,1212.6399999999999,1275.976,1406.778,1359.164,1355.7890000000002,1451.488,1567.5320000000002,1601.664,1578.9940000000001,1605.9140000000002,1538.448,1496.484,1510.69,1552.973,1540.435,1700.03,1675.66,1732.694,1885.4719999999998,1776.26,1863.6509999999998,1979.286,1968.936,2139.5910000000003,2248.013,2390.874,2488.133,2543.541,2668.9219999999996,2736.205,2888.196,3000.016,2983.862,3059.8,2916.279,2625.226,2518.994,2530.434,2482.992,2242.214,2188.183,2302.268,2286.996,2415.0339999999997,2394.103,2334.915,1948.732,2104.415,2231.654,https://public.flourish.studio/country-flags/svg/es.svg
Sri Lanka,Asia,9.375,9.601,9.834,10.081,10.304,17.575,17.69,18.612,19.797,15.812,16.392,15.967,17.09,17.647000000000002,18.488,18.637,19.516000000000002,21.277,22.073999999999998,21.028,18.612000000000002,19.226,21.375999999999998,19.838,18.512,20.588,20.611,23.424000000000003,23.676000000000002,25.718,27.39,33.239000000000004,34.04,35.579,38.356,44.061,42.86,45.613,45.42,44.932,51.852000000000004,53.095,112.452,51.899,53.491,53.678000000000004,62.556,68.397,59.566,71.814,78.181,91.81400000000001,89.131,86.292,92.381,89.473,83.66,72.106,https://public.flourish.studio/country-flags/svg/lk.svg
Sudan,Africa,0.0,0.0,0.0,0.0,0.0,0.0,0.0,0.0,0.0,0.0,0.0,0.0,0.0,0.0,0.0,0.0,0.0,0.0,0.0,0.0,0.0,0.0,0.0,0.0,0.0,0.0,0.0,0.0,0.0,0.0,0.0,0.0,0.0,0.0,0.0,0.0,0.0,0.0,0.0,0.0,0.0,0.0,0.0,0.0,0.0,0.0,0.0,0.0,0.0,0.0,0.0,0.0,0.0,0.0,0.0,0.0,0.0,0.0,https://public.flourish.studio/country-flags/svg/sd.svg
Suriname,South America,0.0,0.0,0.0,0.0,0.0,0.0,0.0,0.0,0.0,0.0,0.0,0.0,0.0,0.0,0.0,0.0,0.0,0.0,0.0,0.0,0.0,0.0,0.0,0.0,0.0,0.0,0.0,0.0,0.0,0.0,0.0,0.0,0.0,0.0,0.0,0.0,0.0,0.0,0.0,0.0,0.0,0.0,0.0,0.0,0.0,0.0,0.0,0.0,0.0,0.0,0.0,0.0,0.0,0.0,0.0,0.0,0.0,0.0,https://public.flourish.studio/country-flags/svg/sr.svg
Sweden,Europe,255.63,284.397,283.337,314.164,334.464,363.272,340.75600000000003,346.425,355.537,323.248,324.06,354.097,339.532,406.708,439.693,389.495,349.543,328.078,292.48199999999997,285.45300000000003,619.554,663.808,583.846,551.529,531.02,536.414,472.56100000000004,490.515,485.861,510.73699999999997,489.616,526.109,488.567,541.478,520.6790000000001,460.054,473.728,484.886,511.84799999999996,495.658,489.27299999999997,500.148,486.07500000000005,462.034,434.088,458.954,419.082,402.81600000000003,398.69899999999996,384.945,380.554,391.204,386.996,373.746,395.372,351.66,337.922,332.406,https://public.flourish.studio/country-flags/svg/se.svg
Switzerland,Europe,111.213,114.732,121.17599999999999,265.42100000000005,285.05899999999997,315.58299999999997,330.07,337.011,362.26,326.044,316.394,328.347,332.403,341.063,329.6,334.124,316.368,300.38,326.466,322.25699999999995,328.54,354.943,337.759,337.462,328.168,351.022,359.27200000000005,363.442,344.586,354.03700000000003,335.988,348.91,361.832,366.64599999999996,364.865,356.37800000000004,379.653,361.75,357.064,357.41499999999996,364.688,370.55,339.553,361.22,363.009,348.999,332.54099999999994,343.20899999999995,359.76800000000003,320.749,327.911,316.81100000000004,323.03,310.19500000000005,316.98400000000004,274.164,280.918,274.522,https://public.flourish.studio/country-flags/svg/ch.svg
Syria,Asia,0.0,0.0,0.0,0.0,0.0,0.0,0.0,0.0,0.0,0.0,0.0,0.0,0.0,0.0,0.0,0.0,0.0,0.0,0.0,0.0,0.0,0.0,0.0,0.0,0.0,0.0,0.0,0.0,0.0,0.0,0.0,0.0,0.0,0.0,0.0,0.0,0.0,0.0,0.0,0.0,0.0,0.0,0.0,0.0,0.0,0.0,0.0,0.0,0.0,0.0,0.0,0.0,0.0,0.0,0.0,0.0,0.0,0.0,
Taiwan,Asia,125.422,135.015,148.958,166.163,179.79500000000002,198.412,252.163,267.438,317.568,295.54099999999994,325.128,408.446,451.654,517.811,534.014,565.506,500.46500000000003,555.452,591.0720000000001,593.804,596.154,675.682,715.586,832.436,906.992,943.558,1011.6299999999999,1081.0079999999998,1168.711,1245.065,1335.732,1386.735,1487.914,1582.323,1666.282,1786.442,1863.4479999999999,1945.458,2046.5720000000001,2140.245,2165.154,2229.996,2327.295,2243.5389999999998,2176.812,2349.191,2333.6220000000003,2310.619,2359.9,2422.353,2449.734,2481.748,2527.932,2538.0730000000003,2452.523,2382.697,2543.473,2421.1850000000004,
Tajikistan,Asia,0.0,0.0,0.0,0.0,0.0,0.0,0.0,0.0,0.0,0.0,0.0,0.0,0.0,0.0,0.0,0.0,0.0,0.0,0.0,0.0,0.0,0.0,0.0,0.0,0.0,0.0,0.0,0.0,0.0,0.0,0.0,0.0,0.0,0.0,0.0,0.0,0.0,0.0,0.0,0.0,0.0,0.0,0.0,0.0,0.0,0.0,0.0,0.0,0.0,0.0,0.0,0.0,0.0,0.0,0.0,0.0,0.0,0.0,https://public.flourish.studio/country-flags/svg/tj.svg
Tanzania,Africa,0.0,0.0,0.0,0.0,0.0,0.0,0.0,0.0,0.0,0.0,0.0,0.0,0.0,0.0,0.0,0.0,0.0,0.0,0.0,0.0,0.0,0.0,0.0,0.0,0.0,0.0,0.0,0.0,0.0,0.0,0.0,0.0,0.0,0.0,0.0,0.0,0.0,0.0,0.0,0.0,0.0,0.0,0.0,0.0,0.0,0.0,0.0,0.0,0.0,0.0,0.0,0.0,0.0,0.0,0.0,0.0,0.0,0.0,https://public.flourish.studio/country-flags/svg/tz.svg
Thailand,Asia,28.219,33.447,37.632999999999996,49.317,53.382,61.989,68.461,85.317,90.32799999999999,92.497,100.067,105.53,118.268,130.204,135.359,141.597,274.808,276.959,306.852,340.097,358.755,372.418,438.43,498.254,569.5629999999999,678.998,754.444,830.11,948.4390000000001,1063.874,1190.823,1348.414,1422.182,1318.374,1408.119,1445.696,1524.712,1648.703,1774.538,1934.6480000000001,1996.77,2024.795,2094.509,2093.046,2146.74,2293.491,2338.075,2501.469,2513.234,2583.385,2644.9220000000005,2688.286,2716.6,2769.3999999999996,2753.307,2561.111,2581.274,2606.813,https://public.flourish.studio/country-flags/svg/th.svg
Togo,Africa,0.0,0.0,0.0,0.0,0.0,0.0,0.0,0.0,0.0,0.0,0.0,0.0,0.0,0.0,0.0,0.0,0.0,0.0,0.0,0.0,0.0,0.0,0.0,0.0,0.0,0.0,0.0,0.0,0.0,0.0,0.0,0.0,0.0,0.0,0.0,0.0,0.0,0.0,0.0,0.0,0.0,0.0,0.0,0.0,0.0,0.0,0.0,0.0,0.0,0.0,0.0,0.0,0.0,0.0,0.0,0.0,0.0,0.0,https://public.flourish.studio/country-flags/svg/tg.svg
Tonga,Oceania,0.0,0.0,0.0,0.0,0.0,0.0,0.0,0.0,0.0,0.0,0.0,0.0,0.0,0.0,0.0,0.0,0.0,0.0,0.0,0.0,0.0,0.0,0.0,0.0,0.0,0.0,0.0,0.0,0.0,0.0,0.0,0.0,0.0,0.0,0.0,0.0,0.0,0.0,0.0,0.0,0.0,0.0,0.0,0.0,0.0,0.0,0.0,0.0,0.0,0.0,0.0,0.0,0.0,0.0,0.0,0.0,0.0,0.0,https://public.flourish.studio/country-flags/svg/to.svg
Trinidad and Tobago,North America,33.626000000000005,35.778,38.138,39.314,40.542,44.681,90.096,124.26499999999999,123.28800000000001,118.77,95.68299999999999,107.626,111.953,112.686,99.542,95.73499999999999,101.14,118.812,115.93199999999999,114.29,118.096,122.736,115.83000000000001,127.336,125.277,139.002,138.618,146.702,154.656,163.882,177.733,201.49399999999997,201.435,204.46699999999998,227.263,237.54199999999997,256.254,278.108,311.898,342.939,367.726,429.496,442.93399999999997,436.412,432.798,467.718,459.32399999999996,452.179,460.57000000000005,458.2,444.578,394.43899999999996,418.544,396.161,376.048,330.303,338.826,328.438,https://public.flourish.studio/country-flags/svg/tt.svg
Tunisia,Africa,0.0,0.0,0.0,0.0,0.0,0.0,0.0,0.0,0.0,0.0,0.0,0.0,0.0,0.0,0.0,0.0,0.0,0.0,0.0,0.0,0.0,0.0,0.0,0.0,0.0,0.0,0.0,0.0,0.0,0.0,0.0,0.0,0.0,0.0,0.0,0.0,0.0,0.0,0.0,0.0,0.0,0.0,0.0,0.0,0.0,0.0,0.0,0.0,0.0,0.0,0.0,0.0,0.0,0.0,0.0,0.0,0.0,0.0,https://public.flourish.studio/country-flags/svg/tn.svg
Turkey,Asia,84.67099999999999,97.613,100.949,116.46700000000001,127.272,137.185,154.148,171.392,197.275,199.092,215.527,237.91700000000003,262.039,276.484,256.375,264.507,263.532,573.581,612.3430000000001,635.8789999999999,700.918,770.943,848.7529999999999,883.174,928.776,986.6469999999999,1012.586,1048.782,1109.763,1088.236,1209.056,1309.249,1383.75,1411.1390000000001,1412.71,1545.055,1428.1420000000003,1520.934,1614.3029999999999,1682.63,1765.873,1957.824,2142.219,2162.8109999999997,2175.2439999999997,2210.084,2370.861,2499.1040000000003,2451.704,2635.411,2760.0389999999998,2883.491,3101.488,3007.001,2958.809,2919.29,3232.144,3161.5379999999996,https://public.flourish.studio/country-flags/svg/tr.svg
Turkmenistan,Asia,0.0,0.0,0.0,0.0,0.0,0.0,0.0,0.0,0.0,0.0,0.0,0.0,0.0,0.0,0.0,0.0,0.0,0.0,0.0,0.0,286.19,356.198,354.34900000000005,356.749,366.564,303.766,311.964,297.918,244.55700000000002,260.884,214.736,312.78999999999996,119.75399999999999,149.117,142.34199999999998,119.811,151.228,127.556,176.11,174.397,176.59199999999998,178.453,173.16400000000002,142.047,231.592,249.557,276.98900000000003,301.95399999999995,268.232,278.022,332.801,329.515,326.0,362.966,356.922,422.671,449.388,458.914,https://public.flourish.studio/country-flags/svg/tm.svg
Turks and Caicos Islands,North America,0.0,0.0,0.0,0.0,0.0,0.0,0.0,0.0,0.0,0.0,0.0,0.0,0.0,0.0,0.0,0.0,0.0,0.0,0.0,0.0,0.0,0.0,0.0,0.0,0.0,0.0,0.0,0.0,0.0,0.0,0.0,0.0,0.0,0.0,0.0,0.0,0.0,0.0,0.0,0.0,0.0,0.0,0.0,0.0,0.0,0.0,0.0,0.0,0.0,0.0,0.0,0.0,0.0,0.0,0.0,0.0,0.0,0.0,https://public.flourish.studio/country-flags/svg/tc.svg
Tuvalu,Oceania,0.0,0.0,0.0,0.0,0.0,0.0,0.0,0.0,0.0,0.0,0.0,0.0,0.0,0.0,0.0,0.0,0.0,0.0,0.0,0.0,0.0,0.0,0.0,0.0,0.0,0.0,0.0,0.0,0.0,0.0,0.0,0.0,0.0,0.0,0.0,0.0,0.0,0.0,0.0,0.0,0.0,0.0,0.0,0.0,0.0,0.0,0.0,0.0,0.0,0.0,0.0,0.0,0.0,0.0,0.0,0.0,0.0,0.0,https://public.flourish.studio/country-flags/svg/tv.svg
UK,Europe,4519.282,4513.442000000001,4495.441,4652.209,4812.918,4927.641,4831.415999999999,4894.727000000001,5152.585,4851.505,4581.632,4642.71,4715.392,4759.062,4985.23,4528.76,4388.773999999999,4293.97,4278.648999999999,4253.668,4411.346,4550.63,4567.633,4582.366,4542.039000000001,4609.539000000001,4690.83,4616.974,4607.989,4544.651,4559.906,4780.839,4659.603,4686.654,4680.902,4785.753000000001,4817.99,4702.924,4779.118,4853.514,4873.79,4832.066,4741.016,4686.639,4317.222,4449.875,4088.4,4128.532,4043.219,3750.258,3687.9889999999996,3637.691,3564.406,3506.615,3398.802,2904.7740000000003,3050.9179999999997,3039.133,https://public.flourish.studio/country-flags/svg/gb.svg
USA,North America,27595.854,29189.695,30077.958,31915.703999999998,33466.365,34679.016,35234.820999999996,36938.602,38409.407,37058.641,35673.820999999996,37756.054,38809.282,39218.75,39792.03,38169.672999999995,36900.636,34916.073000000004,34558.005000000005,36355.297,36152.559,36274.782999999996,37617.528,39268.098,39994.21,39631.04,39360.187999999995,40169.855,40995.831999999995,41787.941999999995,42340.819,43766.676,44351.725000000006,44604.48,45199.631,46449.153,45489.488,45883.958,46080.239,46998.25,47025.93,46372.739,47153.975999999995,45591.323000000004,42791.803,44347.408,43499.472,42384.438,43440.104999999996,43853.452999999994,43311.181,42826.613,42620.581,44417.643,43888.782,39834.893000000004,42316.654,43190.046,https://public.flourish.studio/country-flags/svg/us.svg
Uganda,Africa,0.0,0.0,0.0,0.0,0.0,0.0,0.0,0.0,0.0,0.0,0.0,0.0,0.0,0.0,0.0,0.0,0.0,0.0,0.0,0.0,0.0,0.0,0.0,0.0,0.0,0.0,0.0,0.0,0.0,0.0,0.0,0.0,0.0,0.0,0.0,0.0,0.0,0.0,0.0,0.0,0.0,0.0,0.0,0.0,0.0,0.0,0.0,0.0,0.0,0.0,0.0,0.0,0.0,0.0,0.0,0.0,0.0,0.0,https://public.flourish.studio/country-flags/svg/ug.svg
Ukraine,Europe,0.0,0.0,0.0,0.0,0.0,0.0,0.0,0.0,0.0,0.0,0.0,0.0,0.0,0.0,0.0,0.0,0.0,0.0,0.0,0.0,5195.447,5280.504,5362.0650000000005,5231.526,5026.727999999999,5894.896,5493.512000000001,4595.951999999999,3944.2659999999996,3329.3230000000003,3240.429,2945.4930000000004,2816.705,2689.2259999999997,2667.4669999999996,2665.291,2625.5570000000002,2613.263,2676.997,2622.547,2652.214,2682.624,2674.152,2572.952,2148.868,2304.442,2409.7870000000003,2349.9210000000003,2220.44,1901.0140000000001,1514.743,1633.5259999999998,1454.496,1525.355,1430.42,1361.7640000000001,1321.176,888.1610000000001,https://public.flourish.studio/country-flags/svg/ua.svg
United Arab Emirates,Asia,0.855,0.912,5.406000000000001,6.944999999999999,6.969,9.606,14.638,15.65,20.293999999999997,22.296,23.858999999999998,30.189999999999998,49.632,57.5,67.56,108.156,125.928,135.966,130.516,162.547,201.63400000000001,244.387,273.077,301.883,340.164,344.952,420.837,406.69500000000005,423.47,464.674,484.871,499.687,521.456,534.1120000000001,538.369,535.7819999999999,1083.132,1183.386,1262.31,1350.13,1409.195,1482.5859999999998,1636.722,1876.8020000000001,1851.115,1944.881,2041.748,2148.066,2266.0150000000003,2260.067,2457.6000000000004,2554.754,2455.379,2421.092,2465.634,2306.326,2533.339,2668.5519999999997,
Uruguay,South America,0.0,0.0,0.0,0.0,0.0,0.0,0.0,0.0,0.0,0.0,0.0,0.0,0.0,0.0,0.0,0.0,0.0,0.0,0.0,0.0,0.0,0.0,0.0,0.0,0.0,0.0,0.0,0.0,0.0,0.0,0.0,0.0,0.0,0.0,0.0,0.0,0.0,0.0,0.0,0.0,0.0,0.0,0.0,0.0,0.0,0.0,0.0,0.0,0.0,0.0,0.0,0.0,0.0,0.0,0.0,0.0,0.0,0.0,https://public.flourish.studio/country-flags/svg/uy.svg
Uzbekistan,Asia,0.0,0.0,0.0,0.0,0.0,0.0,0.0,0.0,0.0,0.0,0.0,0.0,0.0,0.0,0.0,0.0,0.0,0.0,0.0,0.0,900.0,887.354,913.1569999999999,917.222,960.47,1002.5,993.662,938.694,1006.03,987.4090000000001,980.183,1010.351,1003.806,1001.966,1140.734,1164.328,1167.718,1197.382,1089.396,1089.923,1085.802,1020.42,1092.089,1033.7179999999998,1014.065,1016.898,1086.3400000000001,1051.274,1056.502,1094.116,1043.76,993.3109999999999,1021.0840000000001,1036.073,1035.074,1037.212,1101.81,1143.81,https://public.flourish.studio/country-flags/svg/uz.svg
Vanuatu,Oceania,0.0,0.0,0.0,0.0,0.0,0.0,0.0,0.0,0.0,0.0,0.0,0.0,0.0,0.0,0.0,0.0,0.0,0.0,0.0,0.0,0.0,0.0,0.0,0.0,0.0,0.0,0.0,0.0,0.0,0.0,0.0,0.0,0.0,0.0,0.0,0.0,0.0,0.0,0.0,0.0,0.0,0.0,0.0,0.0,0.0,0.0,0.0,0.0,0.0,0.0,0.0,0.0,0.0,0.0,0.0,0.0,0.0,0.0,https://public.flourish.studio/country-flags/svg/vu.svg
Vatican,Europe,0.0,0.0,0.0,0.0,0.0,0.0,0.0,0.0,0.0,0.0,0.0,0.0,0.0,0.0,0.0,0.0,0.0,0.0,0.0,0.0,0.0,0.0,0.0,0.0,0.0,0.0,0.0,0.0,0.0,0.0,0.0,0.0,0.0,0.0,0.0,0.0,0.0,0.0,0.0,0.0,0.0,0.0,0.0,0.0,0.0,0.0,0.0,0.0,0.0,0.0,0.0,0.0,0.0,0.0,0.0,0.0,0.0,0.0,
Venezuela,South America,374.874,378.36299999999994,397.956,423.61299999999994,425.881,424.68,424.547,446.88199999999995,515.22,525.469,541.08,586.8240000000001,651.79,667.1569999999999,731.092,826.1800000000001,857.3340000000001,871.825,855.108,861.111,873.606,933.702,899.23,924.373,931.1089999999999,988.392,951.862,1035.67,1020.53,1109.364,1150.52,1099.276,1160.03,1246.905,1232.359,1264.728,1345.265,1372.6399999999999,1256.454,1342.162,1357.984,1435.34,1536.021,1480.955,1484.241,1467.1399999999999,1481.018,1581.966,1602.784,1529.6399999999999,1535.205,1350.666,1328.524,1090.694,898.842,656.9739999999999,811.55,879.823,
Vietnam,Asia,28.450000000000003,50.327999999999996,69.669,72.147,85.29400000000001,88.86999999999999,79.009,77.08600000000001,81.435,60.248000000000005,66.873,37.92,40.551,41.539,44.36,49.75,99.636,106.716,113.971,112.81799999999998,114.56700000000001,125.344,142.312,139.84,120.67599999999999,122.50300000000001,119.67,128.839,148.84,164.228,191.724,220.53,266.89700000000005,297.60400000000004,294.638,342.244,377.096,423.276,460.533,592.858,644.57,565.35,613.156,768.0229999999999,767.556,921.4970000000001,967.042,955.646,1002.944,1118.687,1349.658,1453.963,1467.241,1721.287,2027.7040000000002,1960.989,1866.7179999999998,1867.425,https://public.flourish.studio/country-flags/svg/vn.svg
Wallis and Futuna,Oceania,0.0,0.0,0.0,0.0,0.0,0.0,0.0,0.0,0.0,0.0,0.0,0.0,0.0,0.0,0.0,0.0,0.0,0.0,0.0,0.0,0.0,0.0,0.0,0.0,0.0,0.0,0.0,0.0,0.0,0.0,0.0,0.0,0.0,0.0,0.0,0.0,0.0,0.0,0.0,0.0,0.0,0.0,0.0,0.0,0.0,0.0,0.0,0.0,0.0,0.0,0.0,0.0,0.0,0.0,0.0,0.0,0.0,0.0,
Yemen,Asia,0.0,0.0,0.0,0.0,0.0,0.0,0.0,0.0,0.0,0.0,0.0,0.0,0.0,0.0,0.0,0.0,0.0,0.0,0.0,0.0,0.0,0.0,0.0,0.0,0.0,0.0,0.0,0.0,0.0,0.0,0.0,0.0,0.0,0.0,0.0,0.0,0.0,0.0,0.0,0.0,0.0,0.0,0.0,0.0,0.0,0.0,0.0,0.0,0.0,0.0,0.0,0.0,0.0,0.0,0.0,0.0,0.0,0.0,
Zambia,Africa,0.0,0.0,0.0,0.0,0.0,0.0,0.0,0.0,0.0,0.0,0.0,0.0,0.0,0.0,0.0,0.0,0.0,0.0,0.0,0.0,0.0,0.0,0.0,0.0,0.0,0.0,0.0,0.0,0.0,0.0,0.0,0.0,0.0,0.0,0.0,0.0,0.0,0.0,0.0,0.0,0.0,0.0,0.0,0.0,0.0,0.0,0.0,0.0,0.0,0.0,0.0,0.0,0.0,0.0,0.0,0.0,0.0,0.0,https://public.flourish.studio/country-flags/svg/zm.svg
Zimbabwe,Africa,0.0,0.0,0.0,0.0,0.0,0.0,0.0,0.0,0.0,0.0,0.0,0.0,0.0,0.0,0.0,0.0,0.0,0.0,0.0,0.0,0.0,0.0,0.0,0.0,0.0,0.0,0.0,0.0,0.0,0.0,0.0,0.0,0.0,0.0,0.0,0.0,0.0,0.0,0.0,0.0,0.0,0.0,0.0,0.0,0.0,0.0,0.0,0.0,0.0,0.0,0.0,0.0,0.0,0.0,0.0,0.0,0.0,0.0,https://public.flourish.studio/country-flags/svg/zw.svg
